sourceId,year,branch,gender,skillCategory,placed,cgpa,codingScore,communicationScore,internships
2024001,2024,CSE,Male,C,0,8.4,9.8,6.7,0
2024002,2024,CSE,Male,C,1,8.3,8.7,7.2,2
2024003,2024,CSE,Male,C,1,8.1,9.6,7.5,1
2024004,2024,CSE,Male,Python,0,8.0,9.4,6.2,0
2024005,2024,CSE,Male,Python,0,7.0,9.3,7.0,1
2024006,2024,CSE,Male,Python,0,7.5,9.8,6.8,0
2024007,2024,CSE,Male,Java,1,7.7,9.8,8.4,2
2024008,2024,CSE,Male,Java,1,9.4,9.1,7.9,2
2024009,2024,CSE,Male,Java,1,7.7,7.5,8.6,3
2024010,2024,CSE,Male,SQL,1,7.3,9.8,6.5,3
2024011,2024,CSE,Male,SQL,0,6.9,9.0,9.2,1
2024012,2024,CSE,Male,SQL,0,8.1,9.7,5.7,0
2024013,2024,CSE,Male,Machine Learning,1,8.7,9.8,6.1,1
2024014,2024,CSE,Male,Machine Learning,1,9.2,8.5,7.4,0
2024015,2024,CSE,Male,Machine Learning,1,8.8,9.8,5.7,0
2024016,2024,CSE,Male,Data Visualization,1,8.4,9.8,8.9,2
2024017,2024,CSE,Male,Data Visualization,0,6.0,8.0,6.7,1
2024018,2024,CSE,Male,Data Visualization,1,8.0,9.8,9.0,1
2024019,2024,CSE,Female,C,0,7.6,7.7,7.8,1
2024020,2024,CSE,Female,C,0,7.7,8.9,6.9,1
2024021,2024,CSE,Female,C,0,6.3,7.3,7.7,0
2024022,2024,CSE,Female,Python,1,7.7,9.8,9.1,2
2024023,2024,CSE,Female,Python,1,6.7,9.1,9.0,3
2024024,2024,CSE,Female,Python,1,8.6,8.4,5.6,2
2024025,2024,CSE,Female,Java,0,7.4,7.8,6.3,0
2024026,2024,CSE,Female,Java,1,8.7,9.8,8.6,1
2024027,2024,CSE,Female,Java,1,8.9,9.4,5.5,1
2024028,2024,CSE,Female,SQL,0,7.7,7.4,8.7,2
2024029,2024,CSE,Female,SQL,1,9.4,8.2,8.8,2
2024030,2024,CSE,Female,SQL,0,7.9,7.9,6.2,0
2024031,2024,CSE,Female,Machine Learning,1,8.8,8.3,5.7,2
2024032,2024,CSE,Female,Machine Learning,0,6.3,7.7,5.6,1
2024033,2024,CSE,Female,Machine Learning,1,7.5,9.8,8.9,1
2024034,2024,CSE,Female,Data Visualization,0,6.3,7.9,7.7,2
2024035,2024,CSE,Female,Data Visualization,1,9.2,8.2,5.6,1
2024036,2024,CSE,Female,Data Visualization,1,8.4,9.8,6.8,2
2024037,2024,CSD,Male,C,0,9.3,7.9,7.1,0
2024038,2024,CSD,Male,C,1,7.6,9.1,6.0,3
2024039,2024,CSD,Male,C,1,9.5,9.8,7.1,2
2024040,2024,CSD,Male,Python,0,7.5,7.8,5.5,0
2024041,2024,CSD,Male,Python,1,8.3,9.2,5.7,2
2024042,2024,CSD,Male,Python,0,7.5,7.6,9.0,0
2024043,2024,CSD,Male,Java,0,7.7,9.3,8.9,1
2024044,2024,CSD,Male,Java,0,8.5,7.7,8.1,0
2024045,2024,CSD,Male,Java,0,8.1,7.8,6.9,1
2024046,2024,CSD,Male,SQL,0,8.2,9.2,7.0,1
2024047,2024,CSD,Male,SQL,0,7.8,7.8,8.0,2
2024048,2024,CSD,Male,SQL,1,8.7,9.8,6.3,1
2024049,2024,CSD,Male,Machine Learning,0,6.5,9.5,8.7,1
2024050,2024,CSD,Male,Machine Learning,1,8.4,9.8,9.1,1
2024051,2024,CSD,Male,Machine Learning,1,8.6,9.8,5.6,2
2024052,2024,CSD,Male,Data Visualization,0,6.3,6.9,5.6,0
2024053,2024,CSD,Male,Data Visualization,0,7.1,9.2,9.2,1
2024054,2024,CSD,Male,Data Visualization,0,7.7,7.5,9.1,0
2024055,2024,CSD,Female,C,0,6.3,8.6,7.7,2
2024056,2024,CSD,Female,C,0,7.2,8.6,7.3,0
2024057,2024,CSD,Female,C,0,6.9,7.0,8.8,1
2024058,2024,CSD,Female,Python,0,6.8,8.6,8.7,1
2024059,2024,CSD,Female,Python,0,7.6,8.3,6.0,0
2024060,2024,CSD,Female,Python,0,7.1,8.2,7.1,0
2024061,2024,CSD,Female,Java,0,6.7,7.4,7.4,1
2024062,2024,CSD,Female,Java,0,6.5,8.6,6.4,1
2024063,2024,CSD,Female,Java,0,6.4,7.9,5.3,1
2024064,2024,CSD,Female,SQL,0,6.8,6.9,6.4,0
2024065,2024,CSD,Female,SQL,0,8.6,8.2,5.9,1
2024066,2024,CSD,Female,SQL,1,8.9,9.8,7.7,1
2024067,2024,CSD,Female,Machine Learning,1,7.6,9.3,7.4,2
2024068,2024,CSD,Female,Machine Learning,1,8.3,9.2,9.0,2
2024069,2024,CSD,Female,Machine Learning,0,6.3,8.8,5.4,1
2024070,2024,CSD,Female,Data Visualization,1,8.0,9.4,6.7,2
2024071,2024,CSD,Female,Data Visualization,1,9.5,8.7,8.4,2
2024072,2024,CSD,Female,Data Visualization,1,9.1,8.9,7.7,2
2024073,2024,EEE,Male,C,0,8.1,7.7,8.4,0
2024074,2024,EEE,Male,C,1,8.2,8.3,8.1,3
2024075,2024,EEE,Male,C,0,8.4,8.0,6.4,1
2024076,2024,EEE,Male,Python,0,6.3,8.6,8.1,0
2024077,2024,EEE,Male,Python,0,6.9,7.9,6.2,3
2024078,2024,EEE,Male,Python,0,7.9,7.2,7.0,3
2024079,2024,EEE,Male,Java,0,8.8,7.7,6.0,2
2024080,2024,EEE,Male,Java,0,7.7,8.9,5.9,1
2024081,2024,EEE,Male,Java,0,7.8,8.1,6.4,1
2024082,2024,EEE,Male,SQL,0,6.3,8.0,8.5,2
2024083,2024,EEE,Male,SQL,0,8.6,9.8,5.4,0
2024084,2024,EEE,Male,SQL,0,7.3,8.3,8.7,0
2024085,2024,EEE,Male,Machine Learning,0,6.6,9.0,8.6,0
2024086,2024,EEE,Male,Machine Learning,1,7.6,9.8,7.5,2
2024087,2024,EEE,Male,Machine Learning,0,6.7,8.2,6.7,1
2024088,2024,EEE,Male,Data Visualization,0,6.6,9.3,6.5,0
2024089,2024,EEE,Male,Data Visualization,0,9.0,9.8,5.6,0
2024090,2024,EEE,Male,Data Visualization,1,8.8,8.1,8.0,2
2024091,2024,EEE,Female,C,0,8.1,8.6,6.7,1
2024092,2024,EEE,Female,C,0,8.3,8.9,8.2,1
2024093,2024,EEE,Female,C,0,6.8,9.1,8.2,3
2024094,2024,EEE,Female,Python,1,8.6,8.5,8.7,1
2024095,2024,EEE,Female,Python,0,9.2,9.4,6.9,0
2024096,2024,EEE,Female,Python,0,7.2,8.4,6.7,1
2024097,2024,EEE,Female,Java,0,6.6,7.4,7.3,2
2024098,2024,EEE,Female,Java,0,6.6,6.5,7.0,2
2024099,2024,EEE,Female,Java,0,8.5,7.4,9.1,1
2024100,2024,EEE,Female,SQL,1,9.4,8.8,8.5,2
2024101,2024,EEE,Female,SQL,0,6.7,7.5,5.7,1
2024102,2024,EEE,Female,SQL,0,6.9,8.1,8.2,1
2024103,2024,EEE,Female,Machine Learning,0,7.4,7.6,5.7,1
2024104,2024,EEE,Female,Machine Learning,1,8.0,8.0,8.8,3
2024105,2024,EEE,Female,Machine Learning,1,8.6,8.1,8.1,1
2024106,2024,EEE,Female,Data Visualization,0,7.4,8.1,5.9,2
2024107,2024,EEE,Female,Data Visualization,1,8.4,8.2,9.0,2
2024108,2024,EEE,Female,Data Visualization,0,8.6,9.4,6.1,0
2024109,2024,AIML,Male,C,1,8.1,9.8,8.7,2
2024110,2024,AIML,Male,C,1,8.2,9.5,6.4,1
2024111,2024,AIML,Male,C,0,6.2,6.9,8.0,0
2024112,2024,AIML,Male,Python,1,7.5,9.3,6.8,3
2024113,2024,AIML,Male,Python,0,7.1,7.8,7.1,0
2024114,2024,AIML,Male,Python,0,6.3,7.2,5.6,2
2024115,2024,AIML,Male,Java,1,8.4,8.6,8.3,1
2024116,2024,AIML,Male,Java,1,9.1,9.8,8.9,1
2024117,2024,AIML,Male,Java,0,6.1,8.6,6.7,2
2024118,2024,AIML,Male,SQL,0,6.1,7.7,5.4,1
2024119,2024,AIML,Male,SQL,1,8.4,9.2,6.4,1
2024120,2024,AIML,Male,SQL,0,6.8,8.9,5.9,1
2024121,2024,AIML,Male,Machine Learning,1,7.6,9.5,7.9,2
2024122,2024,AIML,Male,Machine Learning,1,7.2,9.8,5.7,2
2024123,2024,AIML,Male,Machine Learning,1,7.6,8.5,9.0,1
2024124,2024,AIML,Male,Data Visualization,1,8.9,9.8,9.1,2
2024125,2024,AIML,Male,Data Visualization,0,6.5,9.7,9.1,2
2024126,2024,AIML,Male,Data Visualization,0,6.4,9.8,6.4,0
2024127,2024,AIML,Female,C,0,7.0,9.3,6.9,2
2024128,2024,AIML,Female,C,1,8.4,9.8,6.7,1
2024129,2024,AIML,Female,C,1,8.4,9.4,6.8,2
2024130,2024,AIML,Female,Python,1,9.3,9.8,7.9,2
2024131,2024,AIML,Female,Python,0,6.8,9.2,8.3,0
2024132,2024,AIML,Female,Python,0,7.3,9.1,8.9,1
2024133,2024,AIML,Female,Java,1,8.9,9.0,5.6,2
2024134,2024,AIML,Female,Java,1,7.7,9.2,6.6,2
2024135,2024,AIML,Female,Java,0,6.4,9.4,7.9,1
2024136,2024,AIML,Female,SQL,0,6.8,9.5,7.4,1
2024137,2024,AIML,Female,SQL,0,6.7,7.8,9.0,1
2024138,2024,AIML,Female,SQL,0,7.1,8.3,7.7,2
2024139,2024,AIML,Female,Machine Learning,0,6.4,7.6,9.1,1
2024140,2024,AIML,Female,Machine Learning,1,9.4,9.8,8.6,2
2024141,2024,AIML,Female,Machine Learning,0,6.7,7.7,7.0,0
2024142,2024,AIML,Female,Data Visualization,1,8.4,8.5,6.5,1
2024143,2024,AIML,Female,Data Visualization,0,7.1,9.2,7.4,2
2024144,2024,AIML,Female,Data Visualization,0,7.2,8.2,6.5,0
2024145,2024,IT,Male,C,0,7.4,8.8,7.0,1
2024146,2024,IT,Male,C,0,6.4,7.7,6.2,1
2024147,2024,IT,Male,C,1,9.2,9.7,6.2,0
2024148,2024,IT,Male,Python,0,7.7,8.4,6.6,2
2024149,2024,IT,Male,Python,0,6.8,8.7,8.2,0
2024150,2024,IT,Male,Python,0,8.6,7.7,7.2,1
2024151,2024,IT,Male,Java,1,9.5,9.4,7.2,1
2024152,2024,IT,Male,Java,1,8.8,8.7,9.0,3
2024153,2024,IT,Male,Java,1,9.6,9.0,9.1,2
2024154,2024,IT,Male,SQL,1,7.6,9.4,9.2,2
2024155,2024,IT,Male,SQL,0,6.4,8.5,7.1,0
2024156,2024,IT,Male,SQL,0,8.4,8.4,7.5,1
2024157,2024,IT,Male,Machine Learning,0,6.8,9.5,9.0,0
2024158,2024,IT,Male,Machine Learning,1,9.1,9.6,8.7,2
2024159,2024,IT,Male,Machine Learning,0,8.4,9.8,6.7,0
2024160,2024,IT,Male,Data Visualization,1,9.3,9.8,8.6,2
2024161,2024,IT,Male,Data Visualization,0,6.8,7.4,5.8,1
2024162,2024,IT,Male,Data Visualization,1,8.5,9.8,6.8,3
2024163,2024,IT,Female,C,0,8.2,9.8,5.2,1
2024164,2024,IT,Female,C,0,6.4,8.3,6.1,2
2024165,2024,IT,Female,C,0,7.9,9.8,8.0,0
2024166,2024,IT,Female,Python,0,7.0,8.9,8.8,2
2024167,2024,IT,Female,Python,0,6.6,7.7,6.7,1
2024168,2024,IT,Female,Python,0,6.1,8.5,7.4,3
2024169,2024,IT,Female,Java,1,9.3,9.8,7.4,2
2024170,2024,IT,Female,Java,0,8.1,9.8,8.4,0
2024171,2024,IT,Female,Java,1,8.8,9.8,7.3,2
2024172,2024,IT,Female,SQL,0,7.2,8.6,5.4,0
2024173,2024,IT,Female,SQL,0,6.8,8.5,8.8,2
2024174,2024,IT,Female,SQL,1,9.5,8.1,8.4,2
2024175,2024,IT,Female,Machine Learning,0,6.1,9.3,8.6,0
2024176,2024,IT,Female,Machine Learning,0,6.5,8.7,9.1,2
2024177,2024,IT,Female,Machine Learning,0,7.7,9.8,5.4,1
2024178,2024,IT,Female,Data Visualization,1,8.4,9.8,6.6,1
2024179,2024,IT,Female,Data Visualization,0,6.8,7.5,6.6,0
2024180,2024,IT,Female,Data Visualization,1,9.2,8.4,6.7,1
2024181,2024,CSM,Male,C,1,8.9,9.8,7.3,0
2024182,2024,CSM,Male,C,0,7.0,8.9,9.1,1
2024183,2024,CSM,Male,C,1,9.1,9.8,8.4,1
2024184,2024,CSM,Male,Python,1,8.1,9.8,7.9,1
2024185,2024,CSM,Male,Python,1,7.9,9.7,8.0,1
2024186,2024,CSM,Male,Python,1,8.2,8.0,6.6,2
2024187,2024,CSM,Male,Java,0,6.3,8.0,8.3,0
2024188,2024,CSM,Male,Java,0,7.9,9.5,7.9,0
2024189,2024,CSM,Male,Java,0,8.1,9.1,7.6,1
2024190,2024,CSM,Male,SQL,0,6.2,7.4,5.5,1
2024191,2024,CSM,Male,SQL,0,7.7,9.6,8.8,1
2024192,2024,CSM,Male,SQL,1,9.2,9.8,7.1,1
2024193,2024,CSM,Male,Machine Learning,0,7.7,8.8,5.3,1
2024194,2024,CSM,Male,Machine Learning,1,9.0,9.7,8.1,3
2024195,2024,CSM,Male,Machine Learning,1,7.6,9.8,7.5,1
2024196,2024,CSM,Male,Data Visualization,1,7.4,9.8,8.1,3
2024197,2024,CSM,Male,Data Visualization,0,7.3,9.8,9.1,0
2024198,2024,CSM,Male,Data Visualization,0,6.8,7.2,6.9,0
2024199,2024,CSM,Female,C,0,6.6,8.4,6.2,1
2024200,2024,CSM,Female,C,0,7.9,7.9,8.7,0
2024201,2024,CSM,Female,C,1,9.1,9.8,9.2,0
2024202,2024,CSM,Female,Python,0,7.9,8.4,6.6,0
2024203,2024,CSM,Female,Python,1,8.1,8.6,5.5,3
2024204,2024,CSM,Female,Python,1,8.3,8.2,8.0,1
2024205,2024,CSM,Female,Java,0,8.2,7.9,8.1,1
2024206,2024,CSM,Female,Java,1,8.6,9.8,7.9,2
2024207,2024,CSM,Female,Java,0,6.4,7.9,6.7,1
2024208,2024,CSM,Female,SQL,0,6.7,9.7,8.5,2
2024209,2024,CSM,Female,SQL,0,6.3,9.1,6.0,2
2024210,2024,CSM,Female,SQL,1,9.0,9.8,7.9,1
2024211,2024,CSM,Female,Machine Learning,0,7.3,7.9,5.9,1
2024212,2024,CSM,Female,Machine Learning,0,7.1,9.3,7.2,0
2024213,2024,CSM,Female,Machine Learning,0,6.3,7.6,6.4,2
2024214,2024,CSM,Female,Data Visualization,0,7.9,7.7,7.3,1
2024215,2024,CSM,Female,Data Visualization,1,9.3,8.4,8.7,1
2024216,2024,CSM,Female,Data Visualization,0,7.3,9.1,6.7,1
2024217,2025,CSE,Male,C,0,7.2,7.8,6.9,1
2024218,2025,CSE,Male,C,0,8.5,8.4,7.4,0
2024219,2025,CSE,Male,C,0,6.8,8.5,7.4,2
2024220,2025,CSE,Male,Python,0,8.3,7.8,9.1,0
2024221,2025,CSE,Male,Python,1,9.4,9.8,7.0,2
2024222,2025,CSE,Male,Python,0,7.6,9.8,6.8,0
2024223,2025,CSE,Male,Java,1,9.5,9.7,8.4,0
2024224,2025,CSE,Male,Java,0,6.5,8.9,7.9,1
2024225,2025,CSE,Male,Java,1,9.3,8.2,7.6,0
2024226,2025,CSE,Male,SQL,1,9.3,9.8,8.1,1
2024227,2025,CSE,Male,SQL,1,7.8,8.9,5.9,2
2024228,2025,CSE,Male,SQL,1,9.4,9.5,7.9,2
2024229,2025,CSE,Male,Machine Learning,1,8.0,8.8,8.7,3
2024230,2025,CSE,Male,Machine Learning,1,8.1,8.7,8.9,1
2024231,2025,CSE,Male,Machine Learning,0,6.1,9.2,8.1,2
2024232,2025,CSE,Male,Data Visualization,0,8.3,8.5,7.7,0
2024233,2025,CSE,Male,Data Visualization,1,8.7,9.8,8.3,1
2024234,2025,CSE,Male,Data Visualization,0,6.8,9.1,5.4,0
2024235,2025,CSE,Female,C,1,9.1,8.3,7.9,1
2024236,2025,CSE,Female,C,0,7.7,7.4,5.8,1
2024237,2025,CSE,Female,C,0,7.6,8.8,6.9,1
2024238,2025,CSE,Female,Python,1,8.8,9.8,7.5,0
2024239,2025,CSE,Female,Python,1,8.4,9.8,8.9,2
2024240,2025,CSE,Female,Python,0,7.2,8.6,6.9,2
2024241,2025,CSE,Female,Java,1,9.1,8.1,7.3,0
2024242,2025,CSE,Female,Java,0,7.2,7.4,8.5,2
2024243,2025,CSE,Female,Java,1,8.2,9.3,6.2,1
2024244,2025,CSE,Female,SQL,1,8.0,9.8,8.5,2
2024245,2025,CSE,Female,SQL,0,6.7,9.1,6.5,0
2024246,2025,CSE,Female,SQL,0,7.2,7.3,6.3,0
2024247,2025,CSE,Female,Machine Learning,1,8.3,8.3,7.3,2
2024248,2025,CSE,Female,Machine Learning,1,8.1,9.1,7.1,1
2024249,2025,CSE,Female,Machine Learning,1,8.6,9.8,5.3,2
2024250,2025,CSE,Female,Data Visualization,1,7.9,8.9,7.1,1
2024251,2025,CSE,Female,Data Visualization,1,8.5,8.5,8.9,0
2024252,2025,CSE,Female,Data Visualization,1,8.7,9.1,5.4,2
2024253,2025,CSD,Male,C,0,6.3,7.6,7.5,0
2024254,2025,CSD,Male,C,0,8.2,9.6,5.6,1
2024255,2025,CSD,Male,C,1,8.4,9.4,7.6,1
2024256,2025,CSD,Male,Python,0,8.5,8.0,6.1,0
2024257,2025,CSD,Male,Python,0,6.6,9.7,5.7,0
2024258,2025,CSD,Male,Python,1,7.8,9.7,6.0,2
2024259,2025,CSD,Male,Java,1,9.1,9.8,8.4,2
2024260,2025,CSD,Male,Java,0,6.7,9.3,6.1,3
2024261,2025,CSD,Male,Java,1,8.6,9.8,8.6,2
2024262,2025,CSD,Male,SQL,1,8.6,9.8,6.1,2
2024263,2025,CSD,Male,SQL,0,6.9,7.4,5.9,1
2024264,2025,CSD,Male,SQL,1,9.3,9.4,8.0,1
2024265,2025,CSD,Male,Machine Learning,1,8.9,8.8,6.0,2
2024266,2025,CSD,Male,Machine Learning,0,7.2,9.7,6.5,1
2024267,2025,CSD,Male,Machine Learning,0,6.3,7.5,8.3,2
2024268,2025,CSD,Male,Data Visualization,0,7.3,8.9,8.4,1
2024269,2025,CSD,Male,Data Visualization,1,8.4,9.8,8.4,0
2024270,2025,CSD,Male,Data Visualization,0,7.1,7.8,5.4,1
2024271,2025,CSD,Female,C,0,8.6,7.6,6.3,1
2024272,2025,CSD,Female,C,0,8.2,8.4,6.4,0
2024273,2025,CSD,Female,C,0,7.5,8.1,8.9,0
2024274,2025,CSD,Female,Python,0,8.1,8.5,8.4,0
2024275,2025,CSD,Female,Python,1,7.6,9.8,6.7,2
2024276,2025,CSD,Female,Python,1,7.6,8.0,7.8,3
2024277,2025,CSD,Female,Java,0,6.9,8.3,8.2,1
2024278,2025,CSD,Female,Java,0,7.7,9.8,7.8,0
2024279,2025,CSD,Female,Java,0,7.1,8.8,8.6,2
2024280,2025,CSD,Female,SQL,1,9.6,9.8,9.1,2
2024281,2025,CSD,Female,SQL,0,8.0,8.4,5.9,0
2024282,2025,CSD,Female,SQL,1,9.0,9.8,5.6,0
2024283,2025,CSD,Female,Machine Learning,1,9.0,9.3,5.4,2
2024284,2025,CSD,Female,Machine Learning,1,9.4,8.8,5.3,1
2024285,2025,CSD,Female,Machine Learning,1,7.6,8.3,8.1,2
2024286,2025,CSD,Female,Data Visualization,0,7.9,7.8,5.2,2
2024287,2025,CSD,Female,Data Visualization,1,8.6,9.5,5.4,3
2024288,2025,CSD,Female,Data Visualization,1,7.9,9.8,6.6,2
2024289,2025,EEE,Male,C,0,6.4,7.8,7.5,0
2024290,2025,EEE,Male,C,0,7.4,8.5,5.5,2
2024291,2025,EEE,Male,C,0,8.0,9.5,7.6,0
2024292,2025,EEE,Male,Python,0,7.5,9.6,7.2,0
2024293,2025,EEE,Male,Python,0,6.7,7.9,7.6,0
2024294,2025,EEE,Male,Python,1,8.5,7.7,7.6,2
2024295,2025,EEE,Male,Java,1,9.1,9.4,8.5,2
2024296,2025,EEE,Male,Java,0,7.0,7.0,8.4,0
2024297,2025,EEE,Male,Java,0,6.5,7.4,9.0,1
2024298,2025,EEE,Male,SQL,0,6.7,8.7,8.2,0
2024299,2025,EEE,Male,SQL,1,8.5,9.4,5.3,2
2024300,2025,EEE,Male,SQL,0,7.4,7.1,6.5,0
2024301,2025,EEE,Male,Machine Learning,0,7.4,7.9,8.9,2
2024302,2025,EEE,Male,Machine Learning,0,7.6,8.2,7.0,1
2024303,2025,EEE,Male,Machine Learning,0,6.1,6.7,7.8,2
2024304,2025,EEE,Male,Data Visualization,0,6.1,9.0,6.6,3
2024305,2025,EEE,Male,Data Visualization,1,9.4,8.6,7.3,1
2024306,2025,EEE,Male,Data Visualization,1,9.5,9.6,5.4,1
2024307,2025,EEE,Female,C,0,7.8,7.9,8.5,1
2024308,2025,EEE,Female,C,0,8.1,9.6,6.3,1
2024309,2025,EEE,Female,C,1,9.1,8.9,6.0,2
2024310,2025,EEE,Female,Python,0,6.4,6.8,6.1,2
2024311,2025,EEE,Female,Python,1,8.8,7.5,8.8,2
2024312,2025,EEE,Female,Python,1,8.1,8.6,8.0,3
2024313,2025,EEE,Female,Java,1,8.8,9.8,7.6,0
2024314,2025,EEE,Female,Java,0,6.5,6.5,7.0,1
2024315,2025,EEE,Female,Java,0,6.0,7.4,7.0,1
2024316,2025,EEE,Female,SQL,0,6.8,6.9,5.7,0
2024317,2025,EEE,Female,SQL,0,8.0,9.1,8.6,0
2024318,2025,EEE,Female,SQL,0,6.9,8.5,8.0,1
2024319,2025,EEE,Female,Machine Learning,0,7.1,8.6,6.8,1
2024320,2025,EEE,Female,Machine Learning,0,7.0,8.2,5.2,1
2024321,2025,EEE,Female,Machine Learning,0,6.2,8.6,7.9,0
2024322,2025,EEE,Female,Data Visualization,0,7.0,7.6,7.2,3
2024323,2025,EEE,Female,Data Visualization,0,7.3,7.7,7.4,1
2024324,2025,EEE,Female,Data Visualization,0,7.3,9.6,8.0,0
2024325,2025,AIML,Male,C,0,7.4,9.4,7.7,1
2024326,2025,AIML,Male,C,1,9.5,8.6,8.9,2
2024327,2025,AIML,Male,C,0,8.1,8.1,6.1,1
2024328,2025,AIML,Male,Python,1,8.9,9.8,8.6,1
2024329,2025,AIML,Male,Python,1,9.1,9.8,7.9,0
2024330,2025,AIML,Male,Python,1,8.7,8.9,6.8,1
2024331,2025,AIML,Male,Java,0,6.6,8.1,6.8,1
2024332,2025,AIML,Male,Java,1,8.4,9.4,5.3,1
2024333,2025,AIML,Male,Java,1,9.5,9.8,6.3,1
2024334,2025,AIML,Male,SQL,0,7.4,9.8,5.7,1
2024335,2025,AIML,Male,SQL,1,9.1,9.0,5.8,2
2024336,2025,AIML,Male,SQL,0,6.5,9.5,8.6,2
2024337,2025,AIML,Male,Machine Learning,1,7.4,9.0,8.6,1
2024338,2025,AIML,Male,Machine Learning,1,7.6,8.4,8.3,2
2024339,2025,AIML,Male,Machine Learning,0,6.9,7.9,7.5,1
2024340,2025,AIML,Male,Data Visualization,1,8.7,9.8,6.5,0
2024341,2025,AIML,Male,Data Visualization,1,9.0,9.0,7.5,0
2024342,2025,AIML,Male,Data Visualization,0,6.1,8.9,8.6,1
2024343,2025,AIML,Female,C,0,7.5,8.3,7.4,0
2024344,2025,AIML,Female,C,1,9.6,9.8,8.9,1
2024345,2025,AIML,Female,C,1,9.6,8.8,7.7,2
2024346,2025,AIML,Female,Python,1,6.7,9.8,6.2,3
2024347,2025,AIML,Female,Python,0,6.7,7.7,8.2,1
2024348,2025,AIML,Female,Python,0,7.5,8.7,7.7,1
2024349,2025,AIML,Female,Java,1,8.7,9.8,7.2,3
2024350,2025,AIML,Female,Java,1,8.1,8.8,5.6,3
2024351,2025,AIML,Female,Java,0,6.1,9.4,5.5,1
2024352,2025,AIML,Female,SQL,0,6.8,8.8,5.9,1
2024353,2025,AIML,Female,SQL,1,8.3,8.6,6.6,3
2024354,2025,AIML,Female,SQL,0,6.4,8.7,8.2,1
2024355,2025,AIML,Female,Machine Learning,0,6.1,7.9,7.4,0
2024356,2025,AIML,Female,Machine Learning,1,6.0,9.8,8.1,3
2024357,2025,AIML,Female,Machine Learning,1,7.8,9.1,5.4,1
2024358,2025,AIML,Female,Data Visualization,0,6.2,9.4,9.1,1
2024359,2025,AIML,Female,Data Visualization,1,9.4,9.1,6.4,1
2024360,2025,AIML,Female,Data Visualization,1,8.7,9.8,8.6,1
2024361,2025,IT,Male,C,0,6.2,7.1,8.9,2
2024362,2025,IT,Male,C,0,6.0,8.9,7.4,1
2024363,2025,IT,Male,C,1,8.5,8.4,8.1,1
2024364,2025,IT,Male,Python,1,7.7,8.4,6.6,2
2024365,2025,IT,Male,Python,1,9.4,9.8,8.5,3
2024366,2025,IT,Male,Python,1,9.1,9.8,7.5,2
2024367,2025,IT,Male,Java,0,6.2,8.7,9.1,2
2024368,2025,IT,Male,Java,1,9.4,9.8,8.0,1
2024369,2025,IT,Male,Java,0,7.6,9.1,6.2,2
2024370,2025,IT,Male,SQL,1,9.4,9.3,8.1,2
2024371,2025,IT,Male,SQL,0,7.7,9.6,5.8,1
2024372,2025,IT,Male,SQL,0,7.4,9.6,5.4,1
2024373,2025,IT,Male,Machine Learning,0,7.7,8.5,6.5,1
2024374,2025,IT,Male,Machine Learning,1,9.2,8.5,8.1,0
2024375,2025,IT,Male,Machine Learning,0,6.2,8.3,8.2,1
2024376,2025,IT,Male,Data Visualization,0,7.3,9.7,7.7,0
2024377,2025,IT,Male,Data Visualization,1,9.4,9.8,7.2,2
2024378,2025,IT,Male,Data Visualization,0,6.1,6.7,8.8,1
2024379,2025,IT,Female,C,0,6.9,9.6,6.4,1
2024380,2025,IT,Female,C,0,8.7,8.3,9.0,0
2024381,2025,IT,Female,C,0,9.2,7.9,5.5,0
2024382,2025,IT,Female,Python,0,6.6,9.5,5.8,0
2024383,2025,IT,Female,Python,1,8.8,7.8,7.2,2
2024384,2025,IT,Female,Python,1,8.9,9.8,8.1,3
2024385,2025,IT,Female,Java,0,6.7,6.9,8.7,1
2024386,2025,IT,Female,Java,0,7.5,9.7,5.6,1
2024387,2025,IT,Female,Java,1,9.1,8.5,8.4,2
2024388,2025,IT,Female,SQL,1,9.3,9.7,6.4,1
2024389,2025,IT,Female,SQL,0,7.7,9.4,6.5,1
2024390,2025,IT,Female,SQL,1,9.3,7.8,7.1,2
2024391,2025,IT,Female,Machine Learning,0,7.0,9.6,5.3,1
2024392,2025,IT,Female,Machine Learning,1,8.6,9.8,5.8,0
2024393,2025,IT,Female,Machine Learning,0,6.0,8.3,6.0,1
2024394,2025,IT,Female,Data Visualization,1,8.1,9.8,6.3,3
2024395,2025,IT,Female,Data Visualization,0,6.1,6.9,8.0,0
2024396,2025,IT,Female,Data Visualization,1,8.5,9.3,7.4,1
2024397,2025,CSM,Male,C,1,9.1,9.4,7.7,1
2024398,2025,CSM,Male,C,0,7.8,8.4,6.7,1
2024399,2025,CSM,Male,C,0,6.7,7.8,5.9,2
2024400,2025,CSM,Male,Python,0,6.6,7.3,6.4,1
2024401,2025,CSM,Male,Python,0,7.5,9.6,6.4,1
2024402,2025,CSM,Male,Python,0,7.1,9.0,8.5,0
2024403,2025,CSM,Male,Java,1,8.5,9.6,8.2,1
2024404,2025,CSM,Male,Java,0,7.0,8.7,6.1,2
2024405,2025,CSM,Male,Java,0,6.9,9.6,8.6,1
2024406,2025,CSM,Male,SQL,0,6.3,8.6,5.7,0
2024407,2025,CSM,Male,SQL,1,9.4,9.1,8.8,3
2024408,2025,CSM,Male,SQL,1,9.5,8.4,6.3,1
2024409,2025,CSM,Male,Machine Learning,1,7.5,9.4,5.2,3
2024410,2025,CSM,Male,Machine Learning,0,6.2,8.7,6.7,0
2024411,2025,CSM,Male,Machine Learning,1,8.5,9.7,8.8,2
2024412,2025,CSM,Male,Data Visualization,1,8.7,9.0,5.9,1
2024413,2025,CSM,Male,Data Visualization,1,6.6,9.7,8.8,2
2024414,2025,CSM,Male,Data Visualization,0,7.1,8.6,8.8,1
2024415,2025,CSM,Female,C,0,8.4,7.8,7.5,1
2024416,2025,CSM,Female,C,0,8.8,9.0,6.0,0
2024417,2025,CSM,Female,C,0,7.2,9.3,7.1,1
2024418,2025,CSM,Female,Python,1,7.8,8.1,9.0,3
2024419,2025,CSM,Female,Python,0,7.5,7.9,6.0,0
2024420,2025,CSM,Female,Python,1,8.7,9.8,6.3,2
2024421,2025,CSM,Female,Java,0,7.8,8.9,7.1,0
2024422,2025,CSM,Female,Java,0,7.2,7.9,8.0,1
2024423,2025,CSM,Female,Java,1,8.1,9.8,6.0,2
2024424,2025,CSM,Female,SQL,0,7.1,7.1,8.1,1
2024425,2025,CSM,Female,SQL,1,8.3,7.7,5.3,2
2024426,2025,CSM,Female,SQL,1,9.5,9.8,6.5,3
2024427,2025,CSM,Female,Machine Learning,1,6.2,9.8,8.2,3
2024428,2025,CSM,Female,Machine Learning,0,7.0,8.0,5.3,1
2024429,2025,CSM,Female,Machine Learning,1,9.3,9.8,8.0,3
2024430,2025,CSM,Female,Data Visualization,1,9.1,8.7,5.6,0
2024431,2025,CSM,Female,Data Visualization,1,6.9,9.2,9.0,2
2024432,2025,CSM,Female,Data Visualization,0,8.5,8.4,7.8,0
2024433,2026,CSE,Male,C,1,8.8,9.3,7.9,0
2024434,2026,CSE,Male,C,0,6.1,6.7,9.0,1
2024435,2026,CSE,Male,C,1,7.7,9.8,5.4,3
2024436,2026,CSE,Male,Python,1,9.5,9.8,6.5,3
2024437,2026,CSE,Male,Python,1,8.7,9.8,7.3,1
2024438,2026,CSE,Male,Python,0,7.0,8.7,8.4,1
2024439,2026,CSE,Male,Java,1,8.3,9.0,8.7,3
2024440,2026,CSE,Male,Java,1,7.8,9.2,8.7,1
2024441,2026,CSE,Male,Java,1,7.3,8.9,9.0,1
2024442,2026,CSE,Male,SQL,0,7.3,9.3,6.2,1
2024443,2026,CSE,Male,SQL,1,8.9,9.8,5.7,0
2024444,2026,CSE,Male,SQL,1,9.4,9.8,9.2,2
2024445,2026,CSE,Male,Machine Learning,1,9.2,9.7,6.7,3
2024446,2026,CSE,Male,Machine Learning,1,8.9,9.8,8.2,2
2024447,2026,CSE,Male,Machine Learning,1,7.6,8.6,8.2,3
2024448,2026,CSE,Male,Data Visualization,1,8.4,9.0,7.2,1
2024449,2026,CSE,Male,Data Visualization,1,9.2,9.8,6.8,2
2024450,2026,CSE,Male,Data Visualization,0,6.7,9.0,8.9,1
2024451,2026,CSE,Female,C,0,6.1,7.0,6.2,1
2024452,2026,CSE,Female,C,1,7.8,9.5,5.5,2
2024453,2026,CSE,Female,C,0,7.5,7.6,7.0,2
2024454,2026,CSE,Female,Python,0,7.5,8.0,5.2,1
2024455,2026,CSE,Female,Python,1,8.1,9.8,8.8,2
2024456,2026,CSE,Female,Python,1,8.1,8.3,6.4,3
2024457,2026,CSE,Female,Java,1,8.1,9.2,8.1,2
2024458,2026,CSE,Female,Java,1,9.4,8.3,5.5,1
2024459,2026,CSE,Female,Java,0,6.7,7.7,9.0,0
2024460,2026,CSE,Female,SQL,1,8.2,9.8,7.7,0
2024461,2026,CSE,Female,SQL,0,6.4,7.3,6.8,1
2024462,2026,CSE,Female,SQL,0,6.4,8.8,6.3,2
2024463,2026,CSE,Female,Machine Learning,1,6.4,8.0,8.7,3
2024464,2026,CSE,Female,Machine Learning,1,6.9,9.2,7.0,2
2024465,2026,CSE,Female,Machine Learning,1,7.5,9.8,5.9,2
2024466,2026,CSE,Female,Data Visualization,1,9.3,9.8,8.5,1
2024467,2026,CSE,Female,Data Visualization,1,9.3,9.8,7.0,0
2024468,2026,CSE,Female,Data Visualization,1,8.6,8.9,8.2,1
2024469,2026,CSD,Male,C,1,8.1,8.9,6.6,1
2024470,2026,CSD,Male,C,0,8.3,7.9,5.7,0
2024471,2026,CSD,Male,C,0,7.7,8.3,8.6,1
2024472,2026,CSD,Male,Python,0,6.2,8.7,5.6,0
2024473,2026,CSD,Male,Python,0,6.7,8.6,7.3,0
2024474,2026,CSD,Male,Python,0,6.7,7.1,7.2,1
2024475,2026,CSD,Male,Java,0,6.2,8.3,7.1,1
2024476,2026,CSD,Male,Java,1,9.5,9.6,7.3,3
2024477,2026,CSD,Male,Java,0,6.5,7.9,8.5,0
2024478,2026,CSD,Male,SQL,0,6.4,8.6,6.8,2
2024479,2026,CSD,Male,SQL,0,6.0,6.8,8.0,3
2024480,2026,CSD,Male,SQL,1,8.2,9.5,6.8,1
2024481,2026,CSD,Male,Machine Learning,1,7.8,8.5,6.7,1
2024482,2026,CSD,Male,Machine Learning,1,8.2,9.8,5.4,2
2024483,2026,CSD,Male,Machine Learning,0,6.2,9.4,7.9,1
2024484,2026,CSD,Male,Data Visualization,0,7.5,8.9,7.9,0
2024485,2026,CSD,Male,Data Visualization,0,8.1,8.6,6.4,0
2024486,2026,CSD,Male,Data Visualization,1,8.5,8.0,8.7,2
2024487,2026,CSD,Female,C,1,7.7,9.5,8.7,1
2024488,2026,CSD,Female,C,0,7.5,7.3,9.0,1
2024489,2026,CSD,Female,C,0,7.6,8.9,8.3,1
2024490,2026,CSD,Female,Python,1,9.2,9.8,5.5,2
2024491,2026,CSD,Female,Python,1,9.0,8.6,7.9,0
2024492,2026,CSD,Female,Python,1,8.9,9.1,6.0,1
2024493,2026,CSD,Female,Java,1,9.6,9.1,7.3,2
2024494,2026,CSD,Female,Java,1,9.0,9.8,8.6,2
2024495,2026,CSD,Female,Java,0,7.7,7.5,6.8,0
2024496,2026,CSD,Female,SQL,1,8.9,9.2,7.1,0
2024497,2026,CSD,Female,SQL,1,8.2,8.3,9.1,1
2024498,2026,CSD,Female,SQL,1,9.3,9.8,7.4,2
2024499,2026,CSD,Female,Machine Learning,1,8.1,9.2,7.2,0
2024500,2026,CSD,Female,Machine Learning,0,6.7,8.1,6.2,1
2024501,2026,CSD,Female,Machine Learning,0,8.2,8.0,7.1,0
2024502,2026,CSD,Female,Data Visualization,1,7.1,9.7,5.4,2
2024503,2026,CSD,Female,Data Visualization,0,7.6,8.6,7.1,0
2024504,2026,CSD,Female,Data Visualization,1,9.2,8.8,8.0,1
2024505,2026,EEE,Male,C,0,8.5,8.9,5.3,1
2024506,2026,EEE,Male,C,0,8.1,7.4,6.6,1
2024507,2026,EEE,Male,C,1,8.4,8.6,9.2,1
2024508,2026,EEE,Male,Python,0,7.1,9.5,8.4,1
2024509,2026,EEE,Male,Python,0,7.3,7.9,8.7,1
2024510,2026,EEE,Male,Python,0,6.1,7.1,8.4,0
2024511,2026,EEE,Male,Java,0,7.7,7.7,9.2,1
2024512,2026,EEE,Male,Java,1,8.6,8.1,8.5,1
2024513,2026,EEE,Male,Java,0,7.2,7.1,7.1,3
2024514,2026,EEE,Male,SQL,0,7.4,7.6,7.0,1
2024515,2026,EEE,Male,SQL,0,8.2,8.9,5.7,0
2024516,2026,EEE,Male,SQL,0,9.2,7.8,5.5,0
2024517,2026,EEE,Male,Machine Learning,0,6.6,8.8,7.9,0
2024518,2026,EEE,Male,Machine Learning,1,8.5,7.9,5.3,3
2024519,2026,EEE,Male,Machine Learning,0,6.7,8.9,5.2,1
2024520,2026,EEE,Male,Data Visualization,0,7.8,9.3,6.5,1
2024521,2026,EEE,Male,Data Visualization,0,6.6,8.2,8.3,0
2024522,2026,EEE,Male,Data Visualization,0,6.2,7.8,5.8,1
2024523,2026,EEE,Female,C,0,7.5,8.9,5.6,0
2024524,2026,EEE,Female,C,1,9.0,9.2,8.4,2
2024525,2026,EEE,Female,C,0,6.9,7.4,8.7,2
2024526,2026,EEE,Female,Python,1,9.5,9.8,5.3,2
2024527,2026,EEE,Female,Python,1,8.4,9.8,8.3,2
2024528,2026,EEE,Female,Python,0,6.9,8.7,8.3,2
2024529,2026,EEE,Female,Java,1,9.2,9.8,5.3,0
2024530,2026,EEE,Female,Java,0,7.6,9.1,5.7,0
2024531,2026,EEE,Female,Java,1,9.5,9.8,7.0,2
2024532,2026,EEE,Female,SQL,0,7.2,8.5,8.7,1
2024533,2026,EEE,Female,SQL,0,8.8,8.2,5.5,1
2024534,2026,EEE,Female,SQL,1,9.2,8.3,7.0,2
2024535,2026,EEE,Female,Machine Learning,0,6.4,9.6,6.4,0
2024536,2026,EEE,Female,Machine Learning,0,6.8,7.8,8.6,1
2024537,2026,EEE,Female,Machine Learning,1,8.7,9.3,6.8,2
2024538,2026,EEE,Female,Data Visualization,1,9.1,9.8,6.9,0
2024539,2026,EEE,Female,Data Visualization,0,7.6,7.6,9.0,0
2024540,2026,EEE,Female,Data Visualization,0,8.1,7.2,6.1,0
2024541,2026,AIML,Male,C,1,9.5,8.7,9.2,1
2024542,2026,AIML,Male,C,1,9.3,9.8,7.2,1
2024543,2026,AIML,Male,C,0,6.4,8.6,8.4,2
2024544,2026,AIML,Male,Python,0,6.6,7.6,6.9,0
2024545,2026,AIML,Male,Python,1,7.8,9.2,5.8,1
2024546,2026,AIML,Male,Python,0,7.5,9.2,5.7,1
2024547,2026,AIML,Male,Java,0,6.5,8.0,8.3,2
2024548,2026,AIML,Male,Java,1,8.0,9.8,7.3,0
2024549,2026,AIML,Male,Java,1,9.2,9.8,5.3,0
2024550,2026,AIML,Male,SQL,0,7.5,8.2,5.9,1
2024551,2026,AIML,Male,SQL,0,6.5,8.7,6.4,1
2024552,2026,AIML,Male,SQL,0,6.6,7.9,6.8,0
2024553,2026,AIML,Male,Machine Learning,0,6.8,8.2,6.5,0
2024554,2026,AIML,Male,Machine Learning,1,9.2,9.4,6.5,1
2024555,2026,AIML,Male,Machine Learning,1,7.4,9.8,7.2,0
2024556,2026,AIML,Male,Data Visualization,1,7.4,9.8,7.9,2
2024557,2026,AIML,Male,Data Visualization,1,8.0,9.1,5.7,1
2024558,2026,AIML,Male,Data Visualization,1,8.1,8.2,7.0,3
2024559,2026,AIML,Female,C,0,7.9,8.5,5.9,1
2024560,2026,AIML,Female,C,0,8.7,8.3,5.3,0
2024561,2026,AIML,Female,C,1,8.2,9.8,6.3,0
2024562,2026,AIML,Female,Python,1,7.7,9.8,7.5,0
2024563,2026,AIML,Female,Python,1,8.9,8.9,8.4,1
2024564,2026,AIML,Female,Python,0,6.7,8.5,8.3,0
2024565,2026,AIML,Female,Java,1,8.6,9.8,8.2,2
2024566,2026,AIML,Female,Java,1,6.9,8.4,7.8,2
2024567,2026,AIML,Female,Java,1,8.4,9.0,9.0,2
2024568,2026,AIML,Female,SQL,1,9.5,9.2,8.2,3
2024569,2026,AIML,Female,SQL,1,8.4,9.8,7.1,1
2024570,2026,AIML,Female,SQL,1,9.2,8.2,6.7,1
2024571,2026,AIML,Female,Machine Learning,0,6.3,9.0,5.9,2
2024572,2026,AIML,Female,Machine Learning,1,7.1,9.8,7.1,1
2024573,2026,AIML,Female,Machine Learning,1,7.8,9.4,7.1,1
2024574,2026,AIML,Female,Data Visualization,1,7.7,8.7,5.4,2
2024575,2026,AIML,Female,Data Visualization,1,8.7,8.8,8.6,0
2024576,2026,AIML,Female,Data Visualization,0,6.6,8.1,5.6,2
2024577,2026,IT,Male,C,0,7.1,8.2,9.0,1
2024578,2026,IT,Male,C,1,9.2,9.8,6.5,2
2024579,2026,IT,Male,C,1,9.4,9.8,6.0,0
2024580,2026,IT,Male,Python,1,9.0,9.8,6.3,2
2024581,2026,IT,Male,Python,1,7.8,9.5,5.5,2
2024582,2026,IT,Male,Python,0,7.5,8.5,8.8,0
2024583,2026,IT,Male,Java,0,7.7,8.8,8.3,0
2024584,2026,IT,Male,Java,1,8.5,7.8,8.5,2
2024585,2026,IT,Male,Java,1,9.0,8.7,5.3,1
2024586,2026,IT,Male,SQL,1,9.3,8.8,5.6,0
2024587,2026,IT,Male,SQL,1,9.3,7.8,8.9,0
2024588,2026,IT,Male,SQL,1,8.0,9.2,8.1,1
2024589,2026,IT,Male,Machine Learning,0,6.7,7.3,8.4,0
2024590,2026,IT,Male,Machine Learning,0,6.5,7.3,7.5,1
2024591,2026,IT,Male,Machine Learning,1,7.0,9.2,7.0,3
2024592,2026,IT,Male,Data Visualization,1,8.8,9.8,6.5,0
2024593,2026,IT,Male,Data Visualization,1,8.1,8.5,6.8,3
2024594,2026,IT,Male,Data Visualization,1,9.3,8.4,5.6,1
2024595,2026,IT,Female,C,0,6.7,6.8,8.9,2
2024596,2026,IT,Female,C,1,9.6,9.8,5.8,0
2024597,2026,IT,Female,C,1,9.4,8.3,8.9,1
2024598,2026,IT,Female,Python,1,7.3,9.3,7.2,2
2024599,2026,IT,Female,Python,1,8.3,9.8,8.4,3
2024600,2026,IT,Female,Python,0,8.1,8.2,5.4,0
2024601,2026,IT,Female,Java,1,9.5,9.1,5.4,0
2024602,2026,IT,Female,Java,1,8.7,8.9,6.0,1
2024603,2026,IT,Female,Java,1,8.0,8.6,8.3,3
2024604,2026,IT,Female,SQL,1,7.9,9.1,7.4,1
2024605,2026,IT,Female,SQL,0,8.0,8.3,5.6,0
2024606,2026,IT,Female,SQL,0,6.3,7.0,6.0,1
2024607,2026,IT,Female,Machine Learning,1,8.9,9.8,7.6,2
2024608,2026,IT,Female,Machine Learning,0,7.6,7.8,6.2,0
2024609,2026,IT,Female,Machine Learning,1,9.6,9.8,8.1,1
2024610,2026,IT,Female,Data Visualization,1,8.8,9.8,7.6,2
2024611,2026,IT,Female,Data Visualization,1,8.6,8.0,5.4,1
2024612,2026,IT,Female,Data Visualization,0,6.4,7.2,8.8,0
2024613,2026,CSM,Male,C,1,9.3,9.6,5.8,1
2024614,2026,CSM,Male,C,1,8.2,8.6,5.6,1
2024615,2026,CSM,Male,C,1,7.2,8.9,5.9,3
2024616,2026,CSM,Male,Python,1,8.4,9.5,9.0,2
2024617,2026,CSM,Male,Python,0,6.3,8.8,5.3,1
2024618,2026,CSM,Male,Python,1,9.0,8.4,6.1,0
2024619,2026,CSM,Male,Java,1,9.2,8.1,8.9,2
2024620,2026,CSM,Male,Java,1,8.6,9.8,7.6,1
2024621,2026,CSM,Male,Java,1,8.9,8.5,9.1,1
2024622,2026,CSM,Male,SQL,1,7.7,7.9,7.2,3
2024623,2026,CSM,Male,SQL,0,6.9,7.8,8.1,2
2024624,2026,CSM,Male,SQL,1,8.6,8.4,6.5,1
2024625,2026,CSM,Male,Machine Learning,0,6.5,7.4,7.4,1
2024626,2026,CSM,Male,Machine Learning,1,7.1,9.8,5.4,2
2024627,2026,CSM,Male,Machine Learning,1,7.7,8.9,6.4,1
2024628,2026,CSM,Male,Data Visualization,1,9.1,8.4,5.5,1
2024629,2026,CSM,Male,Data Visualization,0,7.4,7.8,5.6,0
2024630,2026,CSM,Male,Data Visualization,1,7.2,9.7,6.4,2
2024631,2026,CSM,Female,C,1,9.0,9.2,5.5,1
2024632,2026,CSM,Female,C,1,8.9,8.0,8.4,0
2024633,2026,CSM,Female,C,1,9.0,9.0,7.7,0
2024634,2026,CSM,Female,Python,1,8.0,8.4,5.7,1
2024635,2026,CSM,Female,Python,1,8.6,8.9,9.1,0
2024636,2026,CSM,Female,Python,1,8.6,8.3,6.6,1
2024637,2026,CSM,Female,Java,0,6.6,7.1,7.4,0
2024638,2026,CSM,Female,Java,1,8.4,8.3,8.5,1
2024639,2026,CSM,Female,Java,1,8.3,9.8,5.4,1
2024640,2026,CSM,Female,SQL,1,6.9,9.8,9.0,2
2024641,2026,CSM,Female,SQL,1,7.5,8.2,5.9,3
2024642,2026,CSM,Female,SQL,1,8.6,9.8,7.4,3
2024643,2026,CSM,Female,Machine Learning,1,6.6,9.8,9.1,1
2024644,2026,CSM,Female,Machine Learning,1,9.4,9.2,5.5,0
2024645,2026,CSM,Female,Machine Learning,0,6.1,7.7,7.6,1
2024646,2026,CSM,Female,Data Visualization,1,9.1,9.8,5.2,0
2024647,2026,CSM,Female,Data Visualization,0,6.9,9.0,8.8,1
2024648,2026,CSM,Female,Data Visualization,0,6.5,7.4,6.4,2
