sourceId,year,branch,gender,skillCategory,placed,placed_label,salary_lpa,cgpa,codingScore,communicationScore,internships,backlogs
2024001,2024,CSE,Male,C,0,Not placed,0.0,8.4,9.8,6.7,0,0
2024002,2024,CSE,Male,C,1,Placed,15.5,8.3,8.7,7.2,2,0
2024003,2024,CSE,Male,C,1,Placed,14.3,8.1,9.6,7.5,1,0
2024004,2024,CSE,Male,Python,0,Not placed,0.0,8.0,9.4,6.2,0,0
2024005,2024,CSE,Male,Python,0,Not placed,0.0,7.0,9.3,7.0,1,1
2024006,2024,CSE,Male,Python,0,Not placed,0.0,7.5,9.8,6.8,0,0
2024007,2024,CSE,Male,Java,1,Placed,16.1,7.7,9.8,8.4,2,0
2024008,2024,CSE,Male,Java,1,Placed,17.9,9.4,9.1,7.9,2,0
2024009,2024,CSE,Male,Java,1,Placed,15.4,7.7,7.5,8.6,3,0
2024010,2024,CSE,Male,SQL,1,Placed,8.0,7.3,9.8,6.5,3,0
2024011,2024,CSE,Male,SQL,0,Not placed,0.0,6.9,9.0,9.2,1,0
2024012,2024,CSE,Male,SQL,0,Not placed,0.0,8.1,9.7,5.7,0,0
2024013,2024,CSE,Male,AIML,1,Placed,32.3,8.7,9.8,6.1,1,0
2024014,2024,CSE,Male,AIML,1,Placed,33.5,9.2,8.5,7.4,0,0
2024015,2024,CSE,Male,AIML,1,Placed,35.6,8.8,9.8,5.7,0,0
2024016,2024,CSE,Male,Data Visualization,1,Placed,17.9,8.4,9.8,8.9,2,0
2024017,2024,CSE,Male,Data Visualization,0,Not placed,0.0,6.0,8.0,6.7,1,2
2024018,2024,CSE,Male,Data Visualization,1,Placed,12.0,8.0,9.8,9.0,1,0
2024019,2024,CSE,Female,C,0,Not placed,0.0,7.6,7.7,7.8,1,0
2024020,2024,CSE,Female,C,0,Not placed,0.0,7.7,8.9,6.9,1,1
2024021,2024,CSE,Female,C,0,Not placed,0.0,6.3,7.3,7.7,0,3
2024022,2024,CSE,Female,Python,1,Placed,18.1,7.7,9.8,9.1,2,0
2024023,2024,CSE,Female,Python,1,Placed,7.7,6.7,9.1,9.0,3,0
2024024,2024,CSE,Female,Python,1,Placed,18.2,8.6,8.4,5.6,2,0
2024025,2024,CSE,Female,Java,0,Not placed,0.0,7.4,7.8,6.3,0,1
2024026,2024,CSE,Female,Java,1,Placed,17.7,8.7,9.8,8.6,1,0
2024027,2024,CSE,Female,Java,1,Placed,25.7,8.9,9.4,5.5,1,0
2024028,2024,CSE,Female,SQL,0,Not placed,0.0,7.7,7.4,8.7,2,0
2024029,2024,CSE,Female,SQL,1,Placed,38.8,9.4,8.2,8.8,2,0
2024030,2024,CSE,Female,SQL,0,Not placed,0.0,7.9,7.9,6.2,0,1
2024031,2024,CSE,Female,AIML,1,Placed,36.5,8.8,8.3,5.7,2,0
2024032,2024,CSE,Female,AIML,0,Not placed,0.0,6.3,7.7,5.6,1,2
2024033,2024,CSE,Female,AIML,1,Placed,17.7,7.5,9.8,8.9,1,0
2024034,2024,CSE,Female,Data Visualization,0,Not placed,0.0,6.3,7.9,7.7,2,1
2024035,2024,CSE,Female,Data Visualization,1,Placed,31.0,9.2,8.2,5.6,1,0
2024036,2024,CSE,Female,Data Visualization,1,Placed,13.8,8.4,9.8,6.8,2,0
2024037,2024,CSD,Male,C,0,Not placed,0.0,9.3,7.9,7.1,0,0
2024038,2024,CSD,Male,C,1,Placed,10.6,7.6,9.1,6.0,3,0
2024039,2024,CSD,Male,C,1,Placed,25.5,9.5,9.8,7.1,2,0
2024040,2024,CSD,Male,Python,0,Not placed,0.0,7.5,7.8,5.5,0,1
2024041,2024,CSD,Male,Python,1,Placed,13.8,8.3,9.2,5.7,2,0
2024042,2024,CSD,Male,Python,0,Not placed,0.0,7.5,7.6,9.0,0,0
2024043,2024,CSD,Male,Java,0,Not placed,0.0,7.7,9.3,8.9,1,0
2024044,2024,CSD,Male,Java,0,Not placed,0.0,8.5,7.7,8.1,0,0
2024045,2024,CSD,Male,Java,0,Not placed,0.0,8.1,7.8,6.9,1,1
2024046,2024,CSD,Male,SQL,0,Not placed,0.0,8.2,9.2,7.0,1,0
2024047,2024,CSD,Male,SQL,0,Not placed,0.0,7.8,7.8,8.0,2,0
2024048,2024,CSD,Male,SQL,1,Placed,18.6,8.7,9.8,6.3,1,0
2024049,2024,CSD,Male,AIML,0,Not placed,0.0,6.5,9.5,8.7,1,0
2024050,2024,CSD,Male,AIML,1,Placed,11.4,8.4,9.8,9.1,1,0
2024051,2024,CSD,Male,AIML,1,Placed,33.3,8.6,9.8,5.6,2,0
2024052,2024,CSD,Male,Data Visualization,0,Not placed,0.0,6.3,6.9,5.6,0,1
2024053,2024,CSD,Male,Data Visualization,0,Not placed,0.0,7.1,9.2,9.2,1,0
2024054,2024,CSD,Male,Data Visualization,0,Not placed,0.0,7.7,7.5,9.1,0,0
2024055,2024,CSD,Female,C,0,Not placed,0.0,6.3,8.6,7.7,2,1
2024056,2024,CSD,Female,C,0,Not placed,0.0,7.2,8.6,7.3,0,0
2024057,2024,CSD,Female,C,0,Not placed,0.0,6.9,7.0,8.8,1,0
2024058,2024,CSD,Female,Python,0,Not placed,0.0,6.8,8.6,8.7,1,0
2024059,2024,CSD,Female,Python,0,Not placed,0.0,7.6,8.3,6.0,0,0
2024060,2024,CSD,Female,Python,0,Not placed,0.0,7.1,8.2,7.1,0,1
2024061,2024,CSD,Female,Java,0,Not placed,0.0,6.7,7.4,7.4,1,0
2024062,2024,CSD,Female,Java,0,Not placed,0.0,6.5,8.6,6.4,1,0
2024063,2024,CSD,Female,Java,0,Not placed,0.0,6.4,7.9,5.3,1,3
2024064,2024,CSD,Female,SQL,0,Not placed,0.0,6.8,6.9,6.4,0,0
2024065,2024,CSD,Female,SQL,0,Not placed,0.0,8.6,8.2,5.9,1,1
2024066,2024,CSD,Female,SQL,1,Placed,37.3,8.9,9.8,7.7,1,0
2024067,2024,CSD,Female,AIML,1,Placed,20.0,7.6,9.3,7.4,2,0
2024068,2024,CSD,Female,AIML,1,Placed,19.3,8.3,9.2,9.0,2,0
2024069,2024,CSD,Female,AIML,0,Not placed,0.0,6.3,8.8,5.4,1,3
2024070,2024,CSD,Female,Data Visualization,1,Placed,16.1,8.0,9.4,6.7,2,0
2024071,2024,CSD,Female,Data Visualization,1,Placed,28.2,9.5,8.7,8.4,2,0
2024072,2024,CSD,Female,Data Visualization,1,Placed,34.4,9.1,8.9,7.7,2,0
2024073,2024,EEE,Male,C,0,Not placed,0.0,8.1,7.7,8.4,0,0
2024074,2024,EEE,Male,C,1,Placed,10.8,8.2,8.3,8.1,3,0
2024075,2024,EEE,Male,C,0,Not placed,0.0,8.4,8.0,6.4,1,1
2024076,2024,EEE,Male,Python,0,Not placed,0.0,6.3,8.6,8.1,0,1
2024077,2024,EEE,Male,Python,0,Not placed,0.0,6.9,7.9,6.2,3,0
2024078,2024,EEE,Male,Python,0,Not placed,0.0,7.9,7.2,7.0,3,0
2024079,2024,EEE,Male,Java,0,Not placed,0.0,8.8,7.7,6.0,2,0
2024080,2024,EEE,Male,Java,0,Not placed,0.0,7.7,8.9,5.9,1,1
2024081,2024,EEE,Male,Java,0,Not placed,0.0,7.8,8.1,6.4,1,0
2024082,2024,EEE,Male,SQL,0,Not placed,0.0,6.3,8.0,8.5,2,1
2024083,2024,EEE,Male,SQL,0,Not placed,0.0,8.6,9.8,5.4,0,0
2024084,2024,EEE,Male,SQL,0,Not placed,0.0,7.3,8.3,8.7,0,0
2024085,2024,EEE,Male,AIML,0,Not placed,0.0,6.6,9.0,8.6,0,1
2024086,2024,EEE,Male,AIML,1,Placed,7.2,7.6,9.8,7.5,2,0
2024087,2024,EEE,Male,AIML,0,Not placed,0.0,6.7,8.2,6.7,1,0
2024088,2024,EEE,Male,Data Visualization,0,Not placed,0.0,6.6,9.3,6.5,0,0
2024089,2024,EEE,Male,Data Visualization,0,Not placed,0.0,9.0,9.8,5.6,0,0
2024090,2024,EEE,Male,Data Visualization,1,Placed,15.7,8.8,8.1,8.0,2,0
2024091,2024,EEE,Female,C,0,Not placed,0.0,8.1,8.6,6.7,1,0
2024092,2024,EEE,Female,C,0,Not placed,0.0,8.3,8.9,8.2,1,0
2024093,2024,EEE,Female,C,0,Not placed,0.0,6.8,9.1,8.2,3,0
2024094,2024,EEE,Female,Python,1,Placed,21.8,8.6,8.5,8.7,1,0
2024095,2024,EEE,Female,Python,0,Not placed,0.0,9.2,9.4,6.9,0,1
2024096,2024,EEE,Female,Python,0,Not placed,0.0,7.2,8.4,6.7,1,0
2024097,2024,EEE,Female,Java,0,Not placed,0.0,6.6,7.4,7.3,2,0
2024098,2024,EEE,Female,Java,0,Not placed,0.0,6.6,6.5,7.0,2,0
2024099,2024,EEE,Female,Java,0,Not placed,0.0,8.5,7.4,9.1,1,0
2024100,2024,EEE,Female,SQL,1,Placed,15.4,9.4,8.8,8.5,2,0
2024101,2024,EEE,Female,SQL,0,Not placed,0.0,6.7,7.5,5.7,1,0
2024102,2024,EEE,Female,SQL,0,Not placed,0.0,6.9,8.1,8.2,1,0
2024103,2024,EEE,Female,AIML,0,Not placed,0.0,7.4,7.6,5.7,1,0
2024104,2024,EEE,Female,AIML,1,Placed,9.6,8.0,8.0,8.8,3,0
2024105,2024,EEE,Female,AIML,1,Placed,18.2,8.6,8.1,8.1,1,0
2024106,2024,EEE,Female,Data Visualization,0,Not placed,0.0,7.4,8.1,5.9,2,0
2024107,2024,EEE,Female,Data Visualization,1,Placed,7.5,8.4,8.2,9.0,2,0
2024108,2024,EEE,Female,Data Visualization,0,Not placed,0.0,8.6,9.4,6.1,0,0
2024109,2024,AIML,Male,C,1,Placed,13.0,8.1,9.8,8.7,2,0
2024110,2024,AIML,Male,C,1,Placed,12.7,8.2,9.5,6.4,1,0
2024111,2024,AIML,Male,C,0,Not placed,0.0,6.2,6.9,8.0,0,3
2024112,2024,AIML,Male,Python,1,Placed,9.3,7.5,9.3,6.8,3,0
2024113,2024,AIML,Male,Python,0,Not placed,0.0,7.1,7.8,7.1,0,0
2024114,2024,AIML,Male,Python,0,Not placed,0.0,6.3,7.2,5.6,2,3
2024115,2024,AIML,Male,Java,1,Placed,9.3,8.4,8.6,8.3,1,0
2024116,2024,AIML,Male,Java,1,Placed,40.1,9.1,9.8,8.9,1,0
2024117,2024,AIML,Male,Java,0,Not placed,0.0,6.1,8.6,6.7,2,3
2024118,2024,AIML,Male,SQL,0,Not placed,0.0,6.1,7.7,5.4,1,1
2024119,2024,AIML,Male,SQL,1,Placed,12.0,8.4,9.2,6.4,1,0
2024120,2024,AIML,Male,SQL,0,Not placed,0.0,6.8,8.9,5.9,1,1
2024121,2024,AIML,Male,AIML,1,Placed,14.7,7.6,9.5,7.9,2,0
2024122,2024,AIML,Male,AIML,1,Placed,6.8,7.2,9.8,5.7,2,0
2024123,2024,AIML,Male,AIML,1,Placed,19.3,7.6,8.5,9.0,1,0
2024124,2024,AIML,Male,Data Visualization,1,Placed,23.5,8.9,9.8,9.1,2,0
2024125,2024,AIML,Male,Data Visualization,0,Not placed,0.0,6.5,9.7,9.1,2,1
2024126,2024,AIML,Male,Data Visualization,0,Not placed,0.0,6.4,9.8,6.4,0,3
2024127,2024,AIML,Female,C,0,Not placed,0.0,7.0,9.3,6.9,2,0
2024128,2024,AIML,Female,C,1,Placed,13.7,8.4,9.8,6.7,1,0
2024129,2024,AIML,Female,C,1,Placed,18.6,8.4,9.4,6.8,2,0
2024130,2024,AIML,Female,Python,1,Placed,40.4,9.3,9.8,7.9,2,0
2024131,2024,AIML,Female,Python,0,Not placed,0.0,6.8,9.2,8.3,0,0
2024132,2024,AIML,Female,Python,0,Not placed,0.0,7.3,9.1,8.9,1,0
2024133,2024,AIML,Female,Java,1,Placed,21.4,8.9,9.0,5.6,2,0
2024134,2024,AIML,Female,Java,1,Placed,17.8,7.7,9.2,6.6,2,0
2024135,2024,AIML,Female,Java,0,Not placed,0.0,6.4,9.4,7.9,1,3
2024136,2024,AIML,Female,SQL,0,Not placed,0.0,6.8,9.5,7.4,1,0
2024137,2024,AIML,Female,SQL,0,Not placed,0.0,6.7,7.8,9.0,1,0
2024138,2024,AIML,Female,SQL,0,Not placed,0.0,7.1,8.3,7.7,2,0
2024139,2024,AIML,Female,AIML,0,Not placed,0.0,6.4,7.6,9.1,1,1
2024140,2024,AIML,Female,AIML,1,Placed,29.3,9.4,9.8,8.6,2,0
2024141,2024,AIML,Female,AIML,0,Not placed,0.0,6.7,7.7,7.0,0,0
2024142,2024,AIML,Female,Data Visualization,1,Placed,14.3,8.4,8.5,6.5,1,0
2024143,2024,AIML,Female,Data Visualization,0,Not placed,0.0,7.1,9.2,7.4,2,0
2024144,2024,AIML,Female,Data Visualization,0,Not placed,0.0,7.2,8.2,6.5,0,0
2024145,2024,IT,Male,C,0,Not placed,0.0,7.4,8.8,7.0,1,1
2024146,2024,IT,Male,C,0,Not placed,0.0,6.4,7.7,6.2,1,2
2024147,2024,IT,Male,C,1,Placed,16.4,9.2,9.7,6.2,0,0
2024148,2024,IT,Male,Python,0,Not placed,0.0,7.7,8.4,6.6,2,0
2024149,2024,IT,Male,Python,0,Not placed,0.0,6.8,8.7,8.2,0,0
2024150,2024,IT,Male,Python,0,Not placed,0.0,8.6,7.7,7.2,1,1
2024151,2024,IT,Male,Java,1,Placed,15.5,9.5,9.4,7.2,1,0
2024152,2024,IT,Male,Java,1,Placed,27.1,8.8,8.7,9.0,3,0
2024153,2024,IT,Male,Java,1,Placed,22.9,9.6,9.0,9.1,2,0
2024154,2024,IT,Male,SQL,1,Placed,11.2,7.6,9.4,9.2,2,0
2024155,2024,IT,Male,SQL,0,Not placed,0.0,6.4,8.5,7.1,0,2
2024156,2024,IT,Male,SQL,0,Not placed,0.0,8.4,8.4,7.5,1,0
2024157,2024,IT,Male,AIML,0,Not placed,0.0,6.8,9.5,9.0,0,0
2024158,2024,IT,Male,AIML,1,Placed,27.1,9.1,9.6,8.7,2,0
2024159,2024,IT,Male,AIML,0,Not placed,0.0,8.4,9.8,6.7,0,0
2024160,2024,IT,Male,Data Visualization,1,Placed,27.8,9.3,9.8,8.6,2,0
2024161,2024,IT,Male,Data Visualization,0,Not placed,0.0,6.8,7.4,5.8,1,0
2024162,2024,IT,Male,Data Visualization,1,Placed,16.9,8.5,9.8,6.8,3,0
2024163,2024,IT,Female,C,0,Not placed,0.0,8.2,9.8,5.2,1,0
2024164,2024,IT,Female,C,0,Not placed,0.0,6.4,8.3,6.1,2,2
2024165,2024,IT,Female,C,0,Not placed,0.0,7.9,9.8,8.0,0,1
2024166,2024,IT,Female,Python,0,Not placed,0.0,7.0,8.9,8.8,2,0
2024167,2024,IT,Female,Python,0,Not placed,0.0,6.6,7.7,6.7,1,0
2024168,2024,IT,Female,Python,0,Not placed,0.0,6.1,8.5,7.4,3,3
2024169,2024,IT,Female,Java,1,Placed,25.0,9.3,9.8,7.4,2,0
2024170,2024,IT,Female,Java,0,Not placed,0.0,8.1,9.8,8.4,0,1
2024171,2024,IT,Female,Java,1,Placed,16.4,8.8,9.8,7.3,2,0
2024172,2024,IT,Female,SQL,0,Not placed,0.0,7.2,8.6,5.4,0,0
2024173,2024,IT,Female,SQL,0,Not placed,0.0,6.8,8.5,8.8,2,0
2024174,2024,IT,Female,SQL,1,Placed,27.5,9.5,8.1,8.4,2,0
2024175,2024,IT,Female,AIML,0,Not placed,0.0,6.1,9.3,8.6,0,1
2024176,2024,IT,Female,AIML,0,Not placed,0.0,6.5,8.7,9.1,2,0
2024177,2024,IT,Female,AIML,0,Not placed,0.0,7.7,9.8,5.4,1,0
2024178,2024,IT,Female,Data Visualization,1,Placed,13.1,8.4,9.8,6.6,1,0
2024179,2024,IT,Female,Data Visualization,0,Not placed,0.0,6.8,7.5,6.6,0,0
2024180,2024,IT,Female,Data Visualization,1,Placed,31.2,9.2,8.4,6.7,1,0
2024181,2024,CSM,Male,C,1,Placed,18.0,8.9,9.8,7.3,0,0
2024182,2024,CSM,Male,C,0,Not placed,0.0,7.0,8.9,9.1,1,0
2024183,2024,CSM,Male,C,1,Placed,17.7,9.1,9.8,8.4,1,0
2024184,2024,CSM,Male,Python,1,Placed,12.1,8.1,9.8,7.9,1,0
2024185,2024,CSM,Male,Python,1,Placed,11.9,7.9,9.7,8.0,1,0
2024186,2024,CSM,Male,Python,1,Placed,11.7,8.2,8.0,6.6,2,0
2024187,2024,CSM,Male,Java,0,Not placed,0.0,6.3,8.0,8.3,0,1
2024188,2024,CSM,Male,Java,0,Not placed,0.0,7.9,9.5,7.9,0,0
2024189,2024,CSM,Male,Java,0,Not placed,0.0,8.1,9.1,7.6,1,0
2024190,2024,CSM,Male,SQL,0,Not placed,0.0,6.2,7.4,5.5,1,1
2024191,2024,CSM,Male,SQL,0,Not placed,0.0,7.7,9.6,8.8,1,0
2024192,2024,CSM,Male,SQL,1,Placed,42.3,9.2,9.8,7.1,1,0
2024193,2024,CSM,Male,AIML,0,Not placed,0.0,7.7,8.8,5.3,1,0
2024194,2024,CSM,Male,AIML,1,Placed,23.2,9.0,9.7,8.1,3,0
2024195,2024,CSM,Male,AIML,1,Placed,12.0,7.6,9.8,7.5,1,0
2024196,2024,CSM,Male,Data Visualization,1,Placed,8.9,7.4,9.8,8.1,3,0
2024197,2024,CSM,Male,Data Visualization,0,Not placed,0.0,7.3,9.8,9.1,0,0
2024198,2024,CSM,Male,Data Visualization,0,Not placed,0.0,6.8,7.2,6.9,0,0
2024199,2024,CSM,Female,C,0,Not placed,0.0,6.6,8.4,6.2,1,0
2024200,2024,CSM,Female,C,0,Not placed,0.0,7.9,7.9,8.7,0,1
2024201,2024,CSM,Female,C,1,Placed,29.0,9.1,9.8,9.2,0,0
2024202,2024,CSM,Female,Python,0,Not placed,0.0,7.9,8.4,6.6,0,0
2024203,2024,CSM,Female,Python,1,Placed,17.5,8.1,8.6,5.5,3,0
2024204,2024,CSM,Female,Python,1,Placed,9.7,8.3,8.2,8.0,1,0
2024205,2024,CSM,Female,Java,0,Not placed,0.0,8.2,7.9,8.1,1,1
2024206,2024,CSM,Female,Java,1,Placed,30.1,8.6,9.8,7.9,2,0
2024207,2024,CSM,Female,Java,0,Not placed,0.0,6.4,7.9,6.7,1,3
2024208,2024,CSM,Female,SQL,0,Not placed,0.0,6.7,9.7,8.5,2,0
2024209,2024,CSM,Female,SQL,0,Not placed,0.0,6.3,9.1,6.0,2,2
2024210,2024,CSM,Female,SQL,1,Placed,17.0,9.0,9.8,7.9,1,0
2024211,2024,CSM,Female,AIML,0,Not placed,0.0,7.3,7.9,5.9,1,0
2024212,2024,CSM,Female,AIML,0,Not placed,0.0,7.1,9.3,7.2,0,0
2024213,2024,CSM,Female,AIML,0,Not placed,0.0,6.3,7.6,6.4,2,3
2024214,2024,CSM,Female,Data Visualization,0,Not placed,0.0,7.9,7.7,7.3,1,0
2024215,2024,CSM,Female,Data Visualization,1,Placed,17.8,9.3,8.4,8.7,1,0
2024216,2024,CSM,Female,Data Visualization,0,Not placed,0.0,7.3,9.1,6.7,1,0
2024217,2025,CSE,Male,C,0,Not placed,0.0,7.2,7.8,6.9,1,0
2024218,2025,CSE,Male,C,0,Not placed,0.0,8.5,8.4,7.4,0,0
2024219,2025,CSE,Male,C,0,Not placed,0.0,6.8,8.5,7.4,2,0
2024220,2025,CSE,Male,Python,0,Not placed,0.0,8.3,7.8,9.1,0,1
2024221,2025,CSE,Male,Python,1,Placed,42.3,9.4,9.8,7.0,2,0
2024222,2025,CSE,Male,Python,0,Not placed,0.0,7.6,9.8,6.8,0,0
2024223,2025,CSE,Male,Java,1,Placed,20.0,9.5,9.7,8.4,0,0
2024224,2025,CSE,Male,Java,0,Not placed,0.0,6.5,8.9,7.9,1,0
2024225,2025,CSE,Male,Java,1,Placed,31.4,9.3,8.2,7.6,0,0
2024226,2025,CSE,Male,SQL,1,Placed,27.9,9.3,9.8,8.1,1,0
2024227,2025,CSE,Male,SQL,1,Placed,12.8,7.8,8.9,5.9,2,0
2024228,2025,CSE,Male,SQL,1,Placed,42.1,9.4,9.5,7.9,2,0
2024229,2025,CSE,Male,AIML,1,Placed,9.2,8.0,8.8,8.7,3,0
2024230,2025,CSE,Male,AIML,1,Placed,16.3,8.1,8.7,8.9,1,0
2024231,2025,CSE,Male,AIML,0,Not placed,0.0,6.1,9.2,8.1,2,3
2024232,2025,CSE,Male,Data Visualization,0,Not placed,0.0,8.3,8.5,7.7,0,0
2024233,2025,CSE,Male,Data Visualization,1,Placed,43.9,8.7,9.8,8.3,1,0
2024234,2025,CSE,Male,Data Visualization,0,Not placed,0.0,6.8,9.1,5.4,0,0
2024235,2025,CSE,Female,C,1,Placed,32.2,9.1,8.3,7.9,1,0
2024236,2025,CSE,Female,C,0,Not placed,0.0,7.7,7.4,5.8,1,0
2024237,2025,CSE,Female,C,0,Not placed,0.0,7.6,8.8,6.9,1,0
2024238,2025,CSE,Female,Python,1,Placed,43.2,8.8,9.8,7.5,0,0
2024239,2025,CSE,Female,Python,1,Placed,9.6,8.4,9.8,8.9,2,0
2024240,2025,CSE,Female,Python,0,Not placed,0.0,7.2,8.6,6.9,2,1
2024241,2025,CSE,Female,Java,1,Placed,28.1,9.1,8.1,7.3,0,0
2024242,2025,CSE,Female,Java,0,Not placed,0.0,7.2,7.4,8.5,2,0
2024243,2025,CSE,Female,Java,1,Placed,11.9,8.2,9.3,6.2,1,0
2024244,2025,CSE,Female,SQL,1,Placed,17.0,8.0,9.8,8.5,2,0
2024245,2025,CSE,Female,SQL,0,Not placed,0.0,6.7,9.1,6.5,0,1
2024246,2025,CSE,Female,SQL,0,Not placed,0.0,7.2,7.3,6.3,0,0
2024247,2025,CSE,Female,AIML,1,Placed,19.8,8.3,8.3,7.3,2,0
2024248,2025,CSE,Female,AIML,1,Placed,11.8,8.1,9.1,7.1,1,0
2024249,2025,CSE,Female,AIML,1,Placed,35.0,8.6,9.8,5.3,2,0
2024250,2025,CSE,Female,Data Visualization,1,Placed,11.2,7.9,8.9,7.1,1,0
2024251,2025,CSE,Female,Data Visualization,1,Placed,32.4,8.5,8.5,8.9,0,0
2024252,2025,CSE,Female,Data Visualization,1,Placed,29.5,8.7,9.1,5.4,2,0
2024253,2025,CSD,Male,C,0,Not placed,0.0,6.3,7.6,7.5,0,1
2024254,2025,CSD,Male,C,0,Not placed,0.0,8.2,9.6,5.6,1,0
2024255,2025,CSD,Male,C,1,Placed,19.7,8.4,9.4,7.6,1,0
2024256,2025,CSD,Male,Python,0,Not placed,0.0,8.5,8.0,6.1,0,0
2024257,2025,CSD,Male,Python,0,Not placed,0.0,6.6,9.7,5.7,0,0
2024258,2025,CSD,Male,Python,1,Placed,15.7,7.8,9.7,6.0,2,0
2024259,2025,CSD,Male,Java,1,Placed,26.1,9.1,9.8,8.4,2,0
2024260,2025,CSD,Male,Java,0,Not placed,0.0,6.7,9.3,6.1,3,1
2024261,2025,CSD,Male,Java,1,Placed,19.3,8.6,9.8,8.6,2,0
2024262,2025,CSD,Male,SQL,1,Placed,20.4,8.6,9.8,6.1,2,0
2024263,2025,CSD,Male,SQL,0,Not placed,0.0,6.9,7.4,5.9,1,0
2024264,2025,CSD,Male,SQL,1,Placed,22.5,9.3,9.4,8.0,1,0
2024265,2025,CSD,Male,AIML,1,Placed,23.3,8.9,8.8,6.0,2,0
2024266,2025,CSD,Male,AIML,0,Not placed,0.0,7.2,9.7,6.5,1,0
2024267,2025,CSD,Male,AIML,0,Not placed,0.0,6.3,7.5,8.3,2,3
2024268,2025,CSD,Male,Data Visualization,0,Not placed,0.0,7.3,8.9,8.4,1,0
2024269,2025,CSD,Male,Data Visualization,1,Placed,18.4,8.4,9.8,8.4,0,0
2024270,2025,CSD,Male,Data Visualization,0,Not placed,0.0,7.1,7.8,5.4,1,1
2024271,2025,CSD,Female,C,0,Not placed,0.0,8.6,7.6,6.3,1,0
2024272,2025,CSD,Female,C,0,Not placed,0.0,8.2,8.4,6.4,0,0
2024273,2025,CSD,Female,C,0,Not placed,0.0,7.5,8.1,8.9,0,0
2024274,2025,CSD,Female,Python,0,Not placed,0.0,8.1,8.5,8.4,0,0
2024275,2025,CSD,Female,Python,1,Placed,15.2,7.6,9.8,6.7,2,0
2024276,2025,CSD,Female,Python,1,Placed,14.8,7.6,8.0,7.8,3,0
2024277,2025,CSD,Female,Java,0,Not placed,0.0,6.9,8.3,8.2,1,0
2024278,2025,CSD,Female,Java,0,Not placed,0.0,7.7,9.8,7.8,0,0
2024279,2025,CSD,Female,Java,0,Not placed,0.0,7.1,8.8,8.6,2,0
2024280,2025,CSD,Female,SQL,1,Placed,19.3,9.6,9.8,9.1,2,0
2024281,2025,CSD,Female,SQL,0,Not placed,0.0,8.0,8.4,5.9,0,0
2024282,2025,CSD,Female,SQL,1,Placed,40.9,9.0,9.8,5.6,0,0
2024283,2025,CSD,Female,AIML,1,Placed,37.0,9.0,9.3,5.4,2,0
2024284,2025,CSD,Female,AIML,1,Placed,18.0,9.4,8.8,5.3,1,0
2024285,2025,CSD,Female,AIML,1,Placed,16.8,7.6,8.3,8.1,2,0
2024286,2025,CSD,Female,Data Visualization,0,Not placed,0.0,7.9,7.8,5.2,2,0
2024287,2025,CSD,Female,Data Visualization,1,Placed,31.8,8.6,9.5,5.4,3,0
2024288,2025,CSD,Female,Data Visualization,1,Placed,9.9,7.9,9.8,6.6,2,0
2024289,2025,EEE,Male,C,0,Not placed,0.0,6.4,7.8,7.5,0,1
2024290,2025,EEE,Male,C,0,Not placed,0.0,7.4,8.5,5.5,2,1
2024291,2025,EEE,Male,C,0,Not placed,0.0,8.0,9.5,7.6,0,0
2024292,2025,EEE,Male,Python,0,Not placed,0.0,7.5,9.6,7.2,0,0
2024293,2025,EEE,Male,Python,0,Not placed,0.0,6.7,7.9,7.6,0,0
2024294,2025,EEE,Male,Python,1,Placed,9.0,8.5,7.7,7.6,2,0
2024295,2025,EEE,Male,Java,1,Placed,16.8,9.1,9.4,8.5,2,0
2024296,2025,EEE,Male,Java,0,Not placed,0.0,7.0,7.0,8.4,0,0
2024297,2025,EEE,Male,Java,0,Not placed,0.0,6.5,7.4,9.0,1,0
2024298,2025,EEE,Male,SQL,0,Not placed,0.0,6.7,8.7,8.2,0,0
2024299,2025,EEE,Male,SQL,1,Placed,12.3,8.5,9.4,5.3,2,0
2024300,2025,EEE,Male,SQL,0,Not placed,0.0,7.4,7.1,6.5,0,1
2024301,2025,EEE,Male,AIML,0,Not placed,0.0,7.4,7.9,8.9,2,0
2024302,2025,EEE,Male,AIML,0,Not placed,0.0,7.6,8.2,7.0,1,0
2024303,2025,EEE,Male,AIML,0,Not placed,0.0,6.1,6.7,7.8,2,3
2024304,2025,EEE,Male,Data Visualization,0,Not placed,0.0,6.1,9.0,6.6,3,1
2024305,2025,EEE,Male,Data Visualization,1,Placed,23.2,9.4,8.6,7.3,1,0
2024306,2025,EEE,Male,Data Visualization,1,Placed,21.9,9.5,9.6,5.4,1,0
2024307,2025,EEE,Female,C,0,Not placed,0.0,7.8,7.9,8.5,1,0
2024308,2025,EEE,Female,C,0,Not placed,0.0,8.1,9.6,6.3,1,0
2024309,2025,EEE,Female,C,1,Placed,19.4,9.1,8.9,6.0,2,0
2024310,2025,EEE,Female,Python,0,Not placed,0.0,6.4,6.8,6.1,2,1
2024311,2025,EEE,Female,Python,1,Placed,9.0,8.8,7.5,8.8,2,0
2024312,2025,EEE,Female,Python,1,Placed,8.8,8.1,8.6,8.0,3,0
2024313,2025,EEE,Female,Java,1,Placed,19.1,8.8,9.8,7.6,0,0
2024314,2025,EEE,Female,Java,0,Not placed,0.0,6.5,6.5,7.0,1,0
2024315,2025,EEE,Female,Java,0,Not placed,0.0,6.0,7.4,7.0,1,3
2024316,2025,EEE,Female,SQL,0,Not placed,0.0,6.8,6.9,5.7,0,0
2024317,2025,EEE,Female,SQL,0,Not placed,0.0,8.0,9.1,8.6,0,0
2024318,2025,EEE,Female,SQL,0,Not placed,0.0,6.9,8.5,8.0,1,0
2024319,2025,EEE,Female,AIML,0,Not placed,0.0,7.1,8.6,6.8,1,0
2024320,2025,EEE,Female,AIML,0,Not placed,0.0,7.0,8.2,5.2,1,1
2024321,2025,EEE,Female,AIML,0,Not placed,0.0,6.2,8.6,7.9,0,3
2024322,2025,EEE,Female,Data Visualization,0,Not placed,0.0,7.0,7.6,7.2,3,0
2024323,2025,EEE,Female,Data Visualization,0,Not placed,0.0,7.3,7.7,7.4,1,0
2024324,2025,EEE,Female,Data Visualization,0,Not placed,0.0,7.3,9.6,8.0,0,0
2024325,2025,AIML,Male,C,0,Not placed,0.0,7.4,9.4,7.7,1,1
2024326,2025,AIML,Male,C,1,Placed,31.8,9.5,8.6,8.9,2,0
2024327,2025,AIML,Male,C,0,Not placed,0.0,8.1,8.1,6.1,1,0
2024328,2025,AIML,Male,Python,1,Placed,17.8,8.9,9.8,8.6,1,0
2024329,2025,AIML,Male,Python,1,Placed,30.9,9.1,9.8,7.9,0,0
2024330,2025,AIML,Male,Python,1,Placed,39.4,8.7,8.9,6.8,1,0
2024331,2025,AIML,Male,Java,0,Not placed,0.0,6.6,8.1,6.8,1,0
2024332,2025,AIML,Male,Java,1,Placed,14.1,8.4,9.4,5.3,1,0
2024333,2025,AIML,Male,Java,1,Placed,17.5,9.5,9.8,6.3,1,0
2024334,2025,AIML,Male,SQL,0,Not placed,0.0,7.4,9.8,5.7,1,0
2024335,2025,AIML,Male,SQL,1,Placed,38.8,9.1,9.0,5.8,2,0
2024336,2025,AIML,Male,SQL,0,Not placed,0.0,6.5,9.5,8.6,2,0
2024337,2025,AIML,Male,AIML,1,Placed,6.4,7.4,9.0,8.6,1,0
2024338,2025,AIML,Male,AIML,1,Placed,11.8,7.6,8.4,8.3,2,0
2024339,2025,AIML,Male,AIML,0,Not placed,0.0,6.9,7.9,7.5,1,0
2024340,2025,AIML,Male,Data Visualization,1,Placed,20.8,8.7,9.8,6.5,0,0
2024341,2025,AIML,Male,Data Visualization,1,Placed,25.6,9.0,9.0,7.5,0,0
2024342,2025,AIML,Male,Data Visualization,0,Not placed,0.0,6.1,8.9,8.6,1,3
2024343,2025,AIML,Female,C,0,Not placed,0.0,7.5,8.3,7.4,0,0
2024344,2025,AIML,Female,C,1,Placed,37.9,9.6,9.8,8.9,1,0
2024345,2025,AIML,Female,C,1,Placed,31.1,9.6,8.8,7.7,2,0
2024346,2025,AIML,Female,Python,1,Placed,6.4,6.7,9.8,6.2,3,0
2024347,2025,AIML,Female,Python,0,Not placed,0.0,6.7,7.7,8.2,1,0
2024348,2025,AIML,Female,Python,0,Not placed,0.0,7.5,8.7,7.7,1,0
2024349,2025,AIML,Female,Java,1,Placed,41.5,8.7,9.8,7.2,3,0
2024350,2025,AIML,Female,Java,1,Placed,18.7,8.1,8.8,5.6,3,0
2024351,2025,AIML,Female,Java,0,Not placed,0.0,6.1,9.4,5.5,1,3
2024352,2025,AIML,Female,SQL,0,Not placed,0.0,6.8,8.8,5.9,1,0
2024353,2025,AIML,Female,SQL,1,Placed,18.6,8.3,8.6,6.6,3,0
2024354,2025,AIML,Female,SQL,0,Not placed,0.0,6.4,8.7,8.2,1,3
2024355,2025,AIML,Female,AIML,0,Not placed,0.0,6.1,7.9,7.4,0,1
2024356,2025,AIML,Female,AIML,1,Placed,6.6,6.0,9.8,8.1,3,0
2024357,2025,AIML,Female,AIML,1,Placed,14.0,7.8,9.1,5.4,1,0
2024358,2025,AIML,Female,Data Visualization,0,Not placed,0.0,6.2,9.4,9.1,1,1
2024359,2025,AIML,Female,Data Visualization,1,Placed,44.6,9.4,9.1,6.4,1,0
2024360,2025,AIML,Female,Data Visualization,1,Placed,38.4,8.7,9.8,8.6,1,0
2024361,2025,IT,Male,C,0,Not placed,0.0,6.2,7.1,8.9,2,1
2024362,2025,IT,Male,C,0,Not placed,0.0,6.0,8.9,7.4,1,2
2024363,2025,IT,Male,C,1,Placed,14.5,8.5,8.4,8.1,1,0
2024364,2025,IT,Male,Python,1,Placed,8.1,7.7,8.4,6.6,2,0
2024365,2025,IT,Male,Python,1,Placed,22.4,9.4,9.8,8.5,3,0
2024366,2025,IT,Male,Python,1,Placed,30.4,9.1,9.8,7.5,2,0
2024367,2025,IT,Male,Java,0,Not placed,0.0,6.2,8.7,9.1,2,1
2024368,2025,IT,Male,Java,1,Placed,23.7,9.4,9.8,8.0,1,0
2024369,2025,IT,Male,Java,0,Not placed,0.0,7.6,9.1,6.2,2,0
2024370,2025,IT,Male,SQL,1,Placed,23.0,9.4,9.3,8.1,2,0
2024371,2025,IT,Male,SQL,0,Not placed,0.0,7.7,9.6,5.8,1,0
2024372,2025,IT,Male,SQL,0,Not placed,0.0,7.4,9.6,5.4,1,0
2024373,2025,IT,Male,AIML,0,Not placed,0.0,7.7,8.5,6.5,1,0
2024374,2025,IT,Male,AIML,1,Placed,15.9,9.2,8.5,8.1,0,0
2024375,2025,IT,Male,AIML,0,Not placed,0.0,6.2,8.3,8.2,1,3
2024376,2025,IT,Male,Data Visualization,0,Not placed,0.0,7.3,9.7,7.7,0,0
2024377,2025,IT,Male,Data Visualization,1,Placed,25.8,9.4,9.8,7.2,2,0
2024378,2025,IT,Male,Data Visualization,0,Not placed,0.0,6.1,6.7,8.8,1,3
2024379,2025,IT,Female,C,0,Not placed,0.0,6.9,9.6,6.4,1,0
2024380,2025,IT,Female,C,0,Not placed,0.0,8.7,8.3,9.0,0,1
2024381,2025,IT,Female,C,0,Not placed,0.0,9.2,7.9,5.5,0,0
2024382,2025,IT,Female,Python,0,Not placed,0.0,6.6,9.5,5.8,0,0
2024383,2025,IT,Female,Python,1,Placed,14.5,8.8,7.8,7.2,2,0
2024384,2025,IT,Female,Python,1,Placed,20.8,8.9,9.8,8.1,3,0
2024385,2025,IT,Female,Java,0,Not placed,0.0,6.7,6.9,8.7,1,1
2024386,2025,IT,Female,Java,0,Not placed,0.0,7.5,9.7,5.6,1,0
2024387,2025,IT,Female,Java,1,Placed,28.0,9.1,8.5,8.4,2,0
2024388,2025,IT,Female,SQL,1,Placed,31.4,9.3,9.7,6.4,1,0
2024389,2025,IT,Female,SQL,0,Not placed,0.0,7.7,9.4,6.5,1,0
2024390,2025,IT,Female,SQL,1,Placed,9.2,9.3,7.8,7.1,2,0
2024391,2025,IT,Female,AIML,0,Not placed,0.0,7.0,9.6,5.3,1,0
2024392,2025,IT,Female,AIML,1,Placed,23.4,8.6,9.8,5.8,0,0
2024393,2025,IT,Female,AIML,0,Not placed,0.0,6.0,8.3,6.0,1,3
2024394,2025,IT,Female,Data Visualization,1,Placed,9.9,8.1,9.8,6.3,3,0
2024395,2025,IT,Female,Data Visualization,0,Not placed,0.0,6.1,6.9,8.0,0,2
2024396,2025,IT,Female,Data Visualization,1,Placed,28.3,8.5,9.3,7.4,1,0
2024397,2025,CSM,Male,C,1,Placed,32.8,9.1,9.4,7.7,1,0
2024398,2025,CSM,Male,C,0,Not placed,0.0,7.8,8.4,6.7,1,0
2024399,2025,CSM,Male,C,0,Not placed,0.0,6.7,7.8,5.9,2,0
2024400,2025,CSM,Male,Python,0,Not placed,0.0,6.6,7.3,6.4,1,1
2024401,2025,CSM,Male,Python,0,Not placed,0.0,7.5,9.6,6.4,1,0
2024402,2025,CSM,Male,Python,0,Not placed,0.0,7.1,9.0,8.5,0,0
2024403,2025,CSM,Male,Java,1,Placed,34.4,8.5,9.6,8.2,1,0
2024404,2025,CSM,Male,Java,0,Not placed,0.0,7.0,8.7,6.1,2,0
2024405,2025,CSM,Male,Java,0,Not placed,0.0,6.9,9.6,8.6,1,1
2024406,2025,CSM,Male,SQL,0,Not placed,0.0,6.3,8.6,5.7,0,1
2024407,2025,CSM,Male,SQL,1,Placed,39.1,9.4,9.1,8.8,3,0
2024408,2025,CSM,Male,SQL,1,Placed,27.5,9.5,8.4,6.3,1,0
2024409,2025,CSM,Male,AIML,1,Placed,19.1,7.5,9.4,5.2,3,0
2024410,2025,CSM,Male,AIML,0,Not placed,0.0,6.2,8.7,6.7,0,2
2024411,2025,CSM,Male,AIML,1,Placed,31.5,8.5,9.7,8.8,2,0
2024412,2025,CSM,Male,Data Visualization,1,Placed,20.6,8.7,9.0,5.9,1,0
2024413,2025,CSM,Male,Data Visualization,1,Placed,8.6,6.6,9.7,8.8,2,0
2024414,2025,CSM,Male,Data Visualization,0,Not placed,0.0,7.1,8.6,8.8,1,0
2024415,2025,CSM,Female,C,0,Not placed,0.0,8.4,7.8,7.5,1,1
2024416,2025,CSM,Female,C,0,Not placed,0.0,8.8,9.0,6.0,0,0
2024417,2025,CSM,Female,C,0,Not placed,0.0,7.2,9.3,7.1,1,0
2024418,2025,CSM,Female,Python,1,Placed,17.7,7.8,8.1,9.0,3,0
2024419,2025,CSM,Female,Python,0,Not placed,0.0,7.5,7.9,6.0,0,0
2024420,2025,CSM,Female,Python,1,Placed,25.2,8.7,9.8,6.3,2,0
2024421,2025,CSM,Female,Java,0,Not placed,0.0,7.8,8.9,7.1,0,0
2024422,2025,CSM,Female,Java,0,Not placed,0.0,7.2,7.9,8.0,1,0
2024423,2025,CSM,Female,Java,1,Placed,18.4,8.1,9.8,6.0,2,0
2024424,2025,CSM,Female,SQL,0,Not placed,0.0,7.1,7.1,8.1,1,0
2024425,2025,CSM,Female,SQL,1,Placed,19.0,8.3,7.7,5.3,2,0
2024426,2025,CSM,Female,SQL,1,Placed,24.0,9.5,9.8,6.5,3,0
2024427,2025,CSM,Female,AIML,1,Placed,9.9,6.2,9.8,8.2,3,0
2024428,2025,CSM,Female,AIML,0,Not placed,0.0,7.0,8.0,5.3,1,0
2024429,2025,CSM,Female,AIML,1,Placed,20.1,9.3,9.8,8.0,3,0
2024430,2025,CSM,Female,Data Visualization,1,Placed,21.9,9.1,8.7,5.6,0,0
2024431,2025,CSM,Female,Data Visualization,1,Placed,6.3,6.9,9.2,9.0,2,0
2024432,2025,CSM,Female,Data Visualization,0,Not placed,0.0,8.5,8.4,7.8,0,0
2024433,2026,CSE,Male,C,1,Placed,41.9,8.8,9.3,7.9,0,0
2024434,2026,CSE,Male,C,0,Not placed,0.0,6.1,6.7,9.0,1,2
2024435,2026,CSE,Male,C,1,Placed,16.2,7.7,9.8,5.4,3,0
2024436,2026,CSE,Male,Python,1,Placed,20.4,9.5,9.8,6.5,3,0
2024437,2026,CSE,Male,Python,1,Placed,28.8,8.7,9.8,7.3,1,0
2024438,2026,CSE,Male,Python,0,Not placed,0.0,7.0,8.7,8.4,1,0
2024439,2026,CSE,Male,Java,1,Placed,15.8,8.3,9.0,8.7,3,0
2024440,2026,CSE,Male,Java,1,Placed,9.9,7.8,9.2,8.7,1,0
2024441,2026,CSE,Male,Java,1,Placed,9.5,7.3,8.9,9.0,1,0
2024442,2026,CSE,Male,SQL,0,Not placed,0.0,7.3,9.3,6.2,1,0
2024443,2026,CSE,Male,SQL,1,Placed,39.3,8.9,9.8,5.7,0,0
2024444,2026,CSE,Male,SQL,1,Placed,30.7,9.4,9.8,9.2,2,0
2024445,2026,CSE,Male,AIML,1,Placed,44.0,9.2,9.7,6.7,3,0
2024446,2026,CSE,Male,AIML,1,Placed,28.1,8.9,9.8,8.2,2,0
2024447,2026,CSE,Male,AIML,1,Placed,19.8,7.6,8.6,8.2,3,0
2024448,2026,CSE,Male,Data Visualization,1,Placed,16.3,8.4,9.0,7.2,1,0
2024449,2026,CSE,Male,Data Visualization,1,Placed,34.4,9.2,9.8,6.8,2,0
2024450,2026,CSE,Male,Data Visualization,0,Not placed,0.0,6.7,9.0,8.9,1,1
2024451,2026,CSE,Female,C,0,Not placed,0.0,6.1,7.0,6.2,1,1
2024452,2026,CSE,Female,C,1,Placed,10.8,7.8,9.5,5.5,2,0
2024453,2026,CSE,Female,C,0,Not placed,0.0,7.5,7.6,7.0,2,0
2024454,2026,CSE,Female,Python,0,Not placed,0.0,7.5,8.0,5.2,1,0
2024455,2026,CSE,Female,Python,1,Placed,18.7,8.1,9.8,8.8,2,0
2024456,2026,CSE,Female,Python,1,Placed,13.7,8.1,8.3,6.4,3,0
2024457,2026,CSE,Female,Java,1,Placed,10.8,8.1,9.2,8.1,2,0
2024458,2026,CSE,Female,Java,1,Placed,16.4,9.4,8.3,5.5,1,0
2024459,2026,CSE,Female,Java,0,Not placed,0.0,6.7,7.7,9.0,0,0
2024460,2026,CSE,Female,SQL,1,Placed,15.2,8.2,9.8,7.7,0,0
2024461,2026,CSE,Female,SQL,0,Not placed,0.0,6.4,7.3,6.8,1,2
2024462,2026,CSE,Female,SQL,0,Not placed,0.0,6.4,8.8,6.3,2,3
2024463,2026,CSE,Female,AIML,1,Placed,7.9,6.4,8.0,8.7,3,0
2024464,2026,CSE,Female,AIML,1,Placed,8.7,6.9,9.2,7.0,2,0
2024465,2026,CSE,Female,AIML,1,Placed,18.8,7.5,9.8,5.9,2,0
2024466,2026,CSE,Female,Data Visualization,1,Placed,18.3,9.3,9.8,8.5,1,0
2024467,2026,CSE,Female,Data Visualization,1,Placed,37.2,9.3,9.8,7.0,0,0
2024468,2026,CSE,Female,Data Visualization,1,Placed,21.4,8.6,8.9,8.2,1,0
2024469,2026,CSD,Male,C,1,Placed,18.4,8.1,8.9,6.6,1,0
2024470,2026,CSD,Male,C,0,Not placed,0.0,8.3,7.9,5.7,0,1
2024471,2026,CSD,Male,C,0,Not placed,0.0,7.7,8.3,8.6,1,0
2024472,2026,CSD,Male,Python,0,Not placed,0.0,6.2,8.7,5.6,0,1
2024473,2026,CSD,Male,Python,0,Not placed,0.0,6.7,8.6,7.3,0,0
2024474,2026,CSD,Male,Python,0,Not placed,0.0,6.7,7.1,7.2,1,0
2024475,2026,CSD,Male,Java,0,Not placed,0.0,6.2,8.3,7.1,1,1
2024476,2026,CSD,Male,Java,1,Placed,39.8,9.5,9.6,7.3,3,0
2024477,2026,CSD,Male,Java,0,Not placed,0.0,6.5,7.9,8.5,0,0
2024478,2026,CSD,Male,SQL,0,Not placed,0.0,6.4,8.6,6.8,2,1
2024479,2026,CSD,Male,SQL,0,Not placed,0.0,6.0,6.8,8.0,3,2
2024480,2026,CSD,Male,SQL,1,Placed,14.9,8.2,9.5,6.8,1,0
2024481,2026,CSD,Male,AIML,1,Placed,16.8,7.8,8.5,6.7,1,0
2024482,2026,CSD,Male,AIML,1,Placed,12.5,8.2,9.8,5.4,2,0
2024483,2026,CSD,Male,AIML,0,Not placed,0.0,6.2,9.4,7.9,1,3
2024484,2026,CSD,Male,Data Visualization,0,Not placed,0.0,7.5,8.9,7.9,0,0
2024485,2026,CSD,Male,Data Visualization,0,Not placed,0.0,8.1,8.6,6.4,0,1
2024486,2026,CSD,Male,Data Visualization,1,Placed,29.7,8.5,8.0,8.7,2,0
2024487,2026,CSD,Female,C,1,Placed,18.0,7.7,9.5,8.7,1,0
2024488,2026,CSD,Female,C,0,Not placed,0.0,7.5,7.3,9.0,1,0
2024489,2026,CSD,Female,C,0,Not placed,0.0,7.6,8.9,8.3,1,0
2024490,2026,CSD,Female,Python,1,Placed,29.3,9.2,9.8,5.5,2,0
2024491,2026,CSD,Female,Python,1,Placed,26.4,9.0,8.6,7.9,0,0
2024492,2026,CSD,Female,Python,1,Placed,30.3,8.9,9.1,6.0,1,0
2024493,2026,CSD,Female,Java,1,Placed,40.0,9.6,9.1,7.3,2,0
2024494,2026,CSD,Female,Java,1,Placed,25.7,9.0,9.8,8.6,2,0
2024495,2026,CSD,Female,Java,0,Not placed,0.0,7.7,7.5,6.8,0,1
2024496,2026,CSD,Female,SQL,1,Placed,21.0,8.9,9.2,7.1,0,0
2024497,2026,CSD,Female,SQL,1,Placed,16.8,8.2,8.3,9.1,1,0
2024498,2026,CSD,Female,SQL,1,Placed,40.0,9.3,9.8,7.4,2,0
2024499,2026,CSD,Female,AIML,1,Placed,10.1,8.1,9.2,7.2,0,0
2024500,2026,CSD,Female,AIML,0,Not placed,0.0,6.7,8.1,6.2,1,1
2024501,2026,CSD,Female,AIML,0,Not placed,0.0,8.2,8.0,7.1,0,0
2024502,2026,CSD,Female,Data Visualization,1,Placed,6.6,7.1,9.7,5.4,2,0
2024503,2026,CSD,Female,Data Visualization,0,Not placed,0.0,7.6,8.6,7.1,0,0
2024504,2026,CSD,Female,Data Visualization,1,Placed,20.1,9.2,8.8,8.0,1,0
2024505,2026,EEE,Male,C,0,Not placed,0.0,8.5,8.9,5.3,1,1
2024506,2026,EEE,Male,C,0,Not placed,0.0,8.1,7.4,6.6,1,0
2024507,2026,EEE,Male,C,1,Placed,8.4,8.4,8.6,9.2,1,0
2024508,2026,EEE,Male,Python,0,Not placed,0.0,7.1,9.5,8.4,1,0
2024509,2026,EEE,Male,Python,0,Not placed,0.0,7.3,7.9,8.7,1,0
2024510,2026,EEE,Male,Python,0,Not placed,0.0,6.1,7.1,8.4,0,3
2024511,2026,EEE,Male,Java,0,Not placed,0.0,7.7,7.7,9.2,1,0
2024512,2026,EEE,Male,Java,1,Placed,16.3,8.6,8.1,8.5,1,0
2024513,2026,EEE,Male,Java,0,Not placed,0.0,7.2,7.1,7.1,3,0
2024514,2026,EEE,Male,SQL,0,Not placed,0.0,7.4,7.6,7.0,1,0
2024515,2026,EEE,Male,SQL,0,Not placed,0.0,8.2,8.9,5.7,0,1
2024516,2026,EEE,Male,SQL,0,Not placed,0.0,9.2,7.8,5.5,0,0
2024517,2026,EEE,Male,AIML,0,Not placed,0.0,6.6,8.8,7.9,0,0
2024518,2026,EEE,Male,AIML,1,Placed,10.6,8.5,7.9,5.3,3,0
2024519,2026,EEE,Male,AIML,0,Not placed,0.0,6.7,8.9,5.2,1,0
2024520,2026,EEE,Male,Data Visualization,0,Not placed,0.0,7.8,9.3,6.5,1,1
2024521,2026,EEE,Male,Data Visualization,0,Not placed,0.0,6.6,8.2,8.3,0,0
2024522,2026,EEE,Male,Data Visualization,0,Not placed,0.0,6.2,7.8,5.8,1,3
2024523,2026,EEE,Female,C,0,Not placed,0.0,7.5,8.9,5.6,0,0
2024524,2026,EEE,Female,C,1,Placed,19.1,9.0,9.2,8.4,2,0
2024525,2026,EEE,Female,C,0,Not placed,0.0,6.9,7.4,8.7,2,1
2024526,2026,EEE,Female,Python,1,Placed,18.7,9.5,9.8,5.3,2,0
2024527,2026,EEE,Female,Python,1,Placed,8.4,8.4,9.8,8.3,2,0
2024528,2026,EEE,Female,Python,0,Not placed,0.0,6.9,8.7,8.3,2,0
2024529,2026,EEE,Female,Java,1,Placed,21.8,9.2,9.8,5.3,0,0
2024530,2026,EEE,Female,Java,0,Not placed,0.0,7.6,9.1,5.7,0,1
2024531,2026,EEE,Female,Java,1,Placed,16.6,9.5,9.8,7.0,2,0
2024532,2026,EEE,Female,SQL,0,Not placed,0.0,7.2,8.5,8.7,1,0
2024533,2026,EEE,Female,SQL,0,Not placed,0.0,8.8,8.2,5.5,1,0
2024534,2026,EEE,Female,SQL,1,Placed,23.7,9.2,8.3,7.0,2,0
2024535,2026,EEE,Female,AIML,0,Not placed,0.0,6.4,9.6,6.4,0,1
2024536,2026,EEE,Female,AIML,0,Not placed,0.0,6.8,7.8,8.6,1,0
2024537,2026,EEE,Female,AIML,1,Placed,18.9,8.7,9.3,6.8,2,0
2024538,2026,EEE,Female,Data Visualization,1,Placed,11.8,9.1,9.8,6.9,0,0
2024539,2026,EEE,Female,Data Visualization,0,Not placed,0.0,7.6,7.6,9.0,0,0
2024540,2026,EEE,Female,Data Visualization,0,Not placed,0.0,8.1,7.2,6.1,0,1
2024541,2026,AIML,Male,C,1,Placed,35.6,9.5,8.7,9.2,1,0
2024542,2026,AIML,Male,C,1,Placed,25.4,9.3,9.8,7.2,1,0
2024543,2026,AIML,Male,C,0,Not placed,0.0,6.4,8.6,8.4,2,3
2024544,2026,AIML,Male,Python,0,Not placed,0.0,6.6,7.6,6.9,0,0
2024545,2026,AIML,Male,Python,1,Placed,16.5,7.8,9.2,5.8,1,0
2024546,2026,AIML,Male,Python,0,Not placed,0.0,7.5,9.2,5.7,1,0
2024547,2026,AIML,Male,Java,0,Not placed,0.0,6.5,8.0,8.3,2,0
2024548,2026,AIML,Male,Java,1,Placed,9.8,8.0,9.8,7.3,0,0
2024549,2026,AIML,Male,Java,1,Placed,21.1,9.2,9.8,5.3,0,0
2024550,2026,AIML,Male,SQL,0,Not placed,0.0,7.5,8.2,5.9,1,1
2024551,2026,AIML,Male,SQL,0,Not placed,0.0,6.5,8.7,6.4,1,0
2024552,2026,AIML,Male,SQL,0,Not placed,0.0,6.6,7.9,6.8,0,0
2024553,2026,AIML,Male,AIML,0,Not placed,0.0,6.8,8.2,6.5,0,0
2024554,2026,AIML,Male,AIML,1,Placed,40.8,9.2,9.4,6.5,1,0
2024555,2026,AIML,Male,AIML,1,Placed,6.5,7.4,9.8,7.2,0,0
2024556,2026,AIML,Male,Data Visualization,1,Placed,9.3,7.4,9.8,7.9,2,0
2024557,2026,AIML,Male,Data Visualization,1,Placed,12.1,8.0,9.1,5.7,1,0
2024558,2026,AIML,Male,Data Visualization,1,Placed,16.1,8.1,8.2,7.0,3,0
2024559,2026,AIML,Female,C,0,Not placed,0.0,7.9,8.5,5.9,1,0
2024560,2026,AIML,Female,C,0,Not placed,0.0,8.7,8.3,5.3,0,1
2024561,2026,AIML,Female,C,1,Placed,16.6,8.2,9.8,6.3,0,0
2024562,2026,AIML,Female,Python,1,Placed,14.6,7.7,9.8,7.5,0,0
2024563,2026,AIML,Female,Python,1,Placed,24.9,8.9,8.9,8.4,1,0
2024564,2026,AIML,Female,Python,0,Not placed,0.0,6.7,8.5,8.3,0,0
2024565,2026,AIML,Female,Java,1,Placed,22.2,8.6,9.8,8.2,2,0
2024566,2026,AIML,Female,Java,1,Placed,5.6,6.9,8.4,7.8,2,0
2024567,2026,AIML,Female,Java,1,Placed,12.3,8.4,9.0,9.0,2,0
2024568,2026,AIML,Female,SQL,1,Placed,34.9,9.5,9.2,8.2,3,0
2024569,2026,AIML,Female,SQL,1,Placed,19.3,8.4,9.8,7.1,1,0
2024570,2026,AIML,Female,SQL,1,Placed,41.3,9.2,8.2,6.7,1,0
2024571,2026,AIML,Female,AIML,0,Not placed,0.0,6.3,9.0,5.9,2,1
2024572,2026,AIML,Female,AIML,1,Placed,8.9,7.1,9.8,7.1,1,0
2024573,2026,AIML,Female,AIML,1,Placed,17.7,7.8,9.4,7.1,1,0
2024574,2026,AIML,Female,Data Visualization,1,Placed,16.3,7.7,8.7,5.4,2,0
2024575,2026,AIML,Female,Data Visualization,1,Placed,23.5,8.7,8.8,8.6,0,0
2024576,2026,AIML,Female,Data Visualization,0,Not placed,0.0,6.6,8.1,5.6,2,0
2024577,2026,IT,Male,C,0,Not placed,0.0,7.1,8.2,9.0,1,0
2024578,2026,IT,Male,C,1,Placed,30.3,9.2,9.8,6.5,2,0
2024579,2026,IT,Male,C,1,Placed,26.1,9.4,9.8,6.0,0,0
2024580,2026,IT,Male,Python,1,Placed,24.1,9.0,9.8,6.3,2,0
2024581,2026,IT,Male,Python,1,Placed,8.4,7.8,9.5,5.5,2,0
2024582,2026,IT,Male,Python,0,Not placed,0.0,7.5,8.5,8.8,0,0
2024583,2026,IT,Male,Java,0,Not placed,0.0,7.7,8.8,8.3,0,0
2024584,2026,IT,Male,Java,1,Placed,11.3,8.5,7.8,8.5,2,0
2024585,2026,IT,Male,Java,1,Placed,22.3,9.0,8.7,5.3,1,0
2024586,2026,IT,Male,SQL,1,Placed,29.6,9.3,8.8,5.6,0,0
2024587,2026,IT,Male,SQL,1,Placed,12.1,9.3,7.8,8.9,0,0
2024588,2026,IT,Male,SQL,1,Placed,10.7,8.0,9.2,8.1,1,0
2024589,2026,IT,Male,AIML,0,Not placed,0.0,6.7,7.3,8.4,0,0
2024590,2026,IT,Male,AIML,0,Not placed,0.0,6.5,7.3,7.5,1,1
2024591,2026,IT,Male,AIML,1,Placed,8.9,7.0,9.2,7.0,3,0
2024592,2026,IT,Male,Data Visualization,1,Placed,16.0,8.8,9.8,6.5,0,0
2024593,2026,IT,Male,Data Visualization,1,Placed,11.1,8.1,8.5,6.8,3,0
2024594,2026,IT,Male,Data Visualization,1,Placed,14.8,9.3,8.4,5.6,1,0
2024595,2026,IT,Female,C,0,Not placed,0.0,6.7,6.8,8.9,2,1
2024596,2026,IT,Female,C,1,Placed,27.3,9.6,9.8,5.8,0,0
2024597,2026,IT,Female,C,1,Placed,30.5,9.4,8.3,8.9,1,0
2024598,2026,IT,Female,Python,1,Placed,6.1,7.3,9.3,7.2,2,0
2024599,2026,IT,Female,Python,1,Placed,14.8,8.3,9.8,8.4,3,0
2024600,2026,IT,Female,Python,0,Not placed,0.0,8.1,8.2,5.4,0,1
2024601,2026,IT,Female,Java,1,Placed,19.3,9.5,9.1,5.4,0,0
2024602,2026,IT,Female,Java,1,Placed,30.4,8.7,8.9,6.0,1,0
2024603,2026,IT,Female,Java,1,Placed,13.9,8.0,8.6,8.3,3,0
2024604,2026,IT,Female,SQL,1,Placed,14.3,7.9,9.1,7.4,1,0
2024605,2026,IT,Female,SQL,0,Not placed,0.0,8.0,8.3,5.6,0,1
2024606,2026,IT,Female,SQL,0,Not placed,0.0,6.3,7.0,6.0,1,3
2024607,2026,IT,Female,AIML,1,Placed,14.3,8.9,9.8,7.6,2,0
2024608,2026,IT,Female,AIML,0,Not placed,0.0,7.6,7.8,6.2,0,0
2024609,2026,IT,Female,AIML,1,Placed,31.3,9.6,9.8,8.1,1,0
2024610,2026,IT,Female,Data Visualization,1,Placed,27.1,8.8,9.8,7.6,2,0
2024611,2026,IT,Female,Data Visualization,1,Placed,19.5,8.6,8.0,5.4,1,0
2024612,2026,IT,Female,Data Visualization,0,Not placed,0.0,6.4,7.2,8.8,0,3
2024613,2026,CSM,Male,C,1,Placed,40.1,9.3,9.6,5.8,1,0
2024614,2026,CSM,Male,C,1,Placed,12.1,8.2,8.6,5.6,1,0
2024615,2026,CSM,Male,C,1,Placed,9.4,7.2,8.9,5.9,3,0
2024616,2026,CSM,Male,Python,1,Placed,10.2,8.4,9.5,9.0,2,0
2024617,2026,CSM,Male,Python,0,Not placed,0.0,6.3,8.8,5.3,1,2
2024618,2026,CSM,Male,Python,1,Placed,36.4,9.0,8.4,6.1,0,0
2024619,2026,CSM,Male,Java,1,Placed,31.7,9.2,8.1,8.9,2,0
2024620,2026,CSM,Male,Java,1,Placed,18.8,8.6,9.8,7.6,1,0
2024621,2026,CSM,Male,Java,1,Placed,23.0,8.9,8.5,9.1,1,0
2024622,2026,CSM,Male,SQL,1,Placed,9.1,7.7,7.9,7.2,3,0
2024623,2026,CSM,Male,SQL,0,Not placed,0.0,6.9,7.8,8.1,2,0
2024624,2026,CSM,Male,SQL,1,Placed,29.6,8.6,8.4,6.5,1,0
2024625,2026,CSM,Male,AIML,0,Not placed,0.0,6.5,7.4,7.4,1,1
2024626,2026,CSM,Male,AIML,1,Placed,6.9,7.1,9.8,5.4,2,0
2024627,2026,CSM,Male,AIML,1,Placed,15.6,7.7,8.9,6.4,1,0
2024628,2026,CSM,Male,Data Visualization,1,Placed,24.6,9.1,8.4,5.5,1,0
2024629,2026,CSM,Male,Data Visualization,0,Not placed,0.0,7.4,7.8,5.6,0,0
2024630,2026,CSM,Male,Data Visualization,1,Placed,6.8,7.2,9.7,6.4,2,0
2024631,2026,CSM,Female,C,1,Placed,37.6,9.0,9.2,5.5,1,0
2024632,2026,CSM,Female,C,1,Placed,17.4,8.9,8.0,8.4,0,0
2024633,2026,CSM,Female,C,1,Placed,42.2,9.0,9.0,7.7,0,0
2024634,2026,CSM,Female,Python,1,Placed,18.4,8.0,8.4,5.7,1,0
2024635,2026,CSM,Female,Python,1,Placed,35.4,8.6,8.9,9.1,0,0
2024636,2026,CSM,Female,Python,1,Placed,33.2,8.6,8.3,6.6,1,0
2024637,2026,CSM,Female,Java,0,Not placed,0.0,6.6,7.1,7.4,0,0
2024638,2026,CSM,Female,Java,1,Placed,18.8,8.4,8.3,8.5,1,0
2024639,2026,CSM,Female,Java,1,Placed,11.0,8.3,9.8,5.4,1,0
2024640,2026,CSM,Female,SQL,1,Placed,5.9,6.9,9.8,9.0,2,0
2024641,2026,CSM,Female,SQL,1,Placed,11.6,7.5,8.2,5.9,3,0
2024642,2026,CSM,Female,SQL,1,Placed,39.0,8.6,9.8,7.4,3,0
2024643,2026,CSM,Female,AIML,1,Placed,5.7,6.6,9.8,9.1,1,0
2024644,2026,CSM,Female,AIML,1,Placed,32.9,9.4,9.2,5.5,0,0
2024645,2026,CSM,Female,AIML,0,Not placed,0.0,6.1,7.7,7.6,1,3
2024646,2026,CSM,Female,Data Visualization,1,Placed,44.9,9.1,9.8,5.2,0,0
2024647,2026,CSM,Female,Data Visualization,0,Not placed,0.0,6.9,9.0,8.8,1,0
2024648,2026,CSM,Female,Data Visualization,0,Not placed,0.0,6.5,7.4,6.4,2,0
2024649,2024,ECE,Male,Core DSA,0,Not placed,0.0,7.87,6.3,7.7,0,0
2024650,2024,ECE,Female,Python,0,Not placed,0.0,8.54,8.4,7.8,0,2
2024651,2024,ECE,Male,Python,0,Not placed,0.0,7.24,7.2,6.5,0,0
2024652,2024,ECE,Male,AIML,1,Placed,8.4,7.25,4.4,6.4,1,0
2024653,2024,ECE,Male,Web Dev,0,Not placed,0.0,6.96,4.8,8.6,0,0
2024654,2024,ECE,Female,Core DSA,1,Placed,7.1,7.4,5.8,7.1,1,0
2024655,2024,ECE,Male,Core DSA,0,Not placed,0.0,7.16,6.1,6.3,0,0
2024656,2024,ECE,Male,Python,1,Placed,8.0,8.75,7.5,5.7,0,0
2024657,2024,ECE,Male,Web Dev,0,Not placed,0.0,6.69,6.7,7.8,0,0
2024658,2024,ECE,Male,AIML,0,Not placed,0.0,7.66,6.4,6.7,0,0
2024659,2024,ECE,Female,Python,0,Not placed,0.0,7.25,7.8,7.4,0,0
2024660,2024,ECE,Female,Web Dev,0,Not placed,0.0,6.4,5.7,7.7,0,0
2024661,2024,ECE,Female,Embedded,1,Placed,14.6,8.22,7.6,6.1,2,0
2024662,2024,ECE,Male,Embedded,0,Not placed,0.0,7.35,5.9,6.8,0,0
2024663,2024,ECE,Male,AIML,0,Not placed,0.0,8.08,8.1,6.9,0,0
2024664,2024,ECE,Female,Java,1,Placed,12.6,8.2,6.9,8.7,1,0
2024665,2024,ECE,Female,Python,0,Not placed,0.0,5.85,7.5,7.1,0,0
2024666,2024,ECE,Male,Embedded,0,Not placed,0.0,7.36,6.2,7.4,0,0
2024667,2024,ECE,Female,Core DSA,1,Placed,5.5,7.02,5.9,8.0,2,0
2024668,2024,ECE,Male,SQL,0,Not placed,0.0,7.76,6.6,8.1,2,1
2024669,2024,ECE,Male,Java,0,Not placed,0.0,7.09,6.1,6.6,2,1
2024670,2024,ECE,Female,Web Dev,0,Not placed,0.0,6.6,6.5,6.7,0,0
2024671,2024,ECE,Female,Embedded,1,Placed,5.4,7.33,5.5,6.8,1,0
2024672,2024,ECE,Male,AIML,1,Placed,15.2,7.81,6.8,6.9,3,0
2024673,2024,ECE,Female,Web Dev,0,Not placed,0.0,6.3,6.5,7.1,0,0
2024674,2024,ECE,Male,SQL,0,Not placed,0.0,9.15,6.3,7.3,0,0
2024675,2024,ECE,Male,Web Dev,0,Not placed,0.0,8.29,7.4,7.9,0,0
2024676,2024,ECE,Female,Embedded,0,Not placed,0.0,6.96,7.2,9.4,0,1
2024677,2024,ECE,Female,Web Dev,1,Placed,7.7,6.91,5.8,7.1,1,0
2024678,2024,ECE,Male,AIML,1,Placed,8.3,7.22,4.6,7.1,1,0
2024679,2024,ECE,Male,Core DSA,1,Placed,8.5,6.95,8.4,6.1,2,1
2024680,2024,ECE,Male,Embedded,1,Placed,7.3,7.34,7.5,5.6,2,0
2024681,2024,ECE,Female,Core DSA,0,Not placed,0.0,6.51,6.7,7.3,0,0
2024682,2024,ECE,Male,Embedded,1,Placed,11.9,8.06,7.1,7.3,2,0
2024683,2024,ECE,Male,SQL,0,Not placed,0.0,7.11,6.8,7.3,0,0
2024684,2024,ECE,Female,SQL,1,Placed,6.7,7.09,8.7,7.5,1,0
2024685,2025,ECE,Female,Python,0,Not placed,0.0,6.92,7.4,8.3,1,1
2024686,2025,ECE,Female,Java,0,Not placed,0.0,7.02,7.5,9.1,0,0
2024687,2025,ECE,Male,AIML,1,Placed,6.3,6.97,5.5,6.9,2,0
2024688,2025,ECE,Female,AIML,1,Placed,11.2,7.77,6.5,8.6,1,0
2024689,2025,ECE,Male,Web Dev,0,Not placed,0.0,7.96,5.5,5.8,2,1
2024690,2025,ECE,Male,Web Dev,0,Not placed,0.0,7.86,6.2,7.8,0,1
2024691,2025,ECE,Male,Python,1,Placed,14.1,7.86,6.4,6.1,2,0
2024692,2025,ECE,Female,SQL,1,Placed,7.4,6.57,6.8,5.6,2,0
2024693,2025,ECE,Female,AIML,1,Placed,8.6,6.98,6.7,7.1,2,0
2024694,2025,ECE,Male,AIML,0,Not placed,0.0,6.81,7.8,8.2,0,0
2024695,2025,ECE,Female,Embedded,1,Placed,11.3,7.88,7.1,7.6,1,0
2024696,2025,ECE,Male,Python,1,Placed,12.7,9.8,7.6,7.7,2,0
2024697,2025,ECE,Male,Embedded,1,Placed,7.5,7.05,6.2,6.5,1,0
2024698,2025,ECE,Female,SQL,0,Not placed,0.0,7.6,7.3,5.2,0,0
2024699,2025,ECE,Female,Core DSA,1,Placed,7.4,7.24,7.8,7.1,1,0
2024700,2025,ECE,Male,Web Dev,0,Not placed,0.0,6.85,5.6,7.2,0,0
2024701,2025,ECE,Female,Python,1,Placed,13.5,8.94,7.3,4.8,1,0
2024702,2025,ECE,Female,SQL,0,Not placed,0.0,7.67,5.5,6.9,0,2
2024703,2025,ECE,Female,Python,0,Not placed,0.0,7.88,7.5,5.7,0,0
2024704,2025,ECE,Female,Python,1,Placed,5.9,7.33,8.6,7.4,1,0
2024705,2025,ECE,Male,AIML,1,Placed,11.9,8.93,7.7,5.3,0,0
2024706,2025,ECE,Female,AIML,1,Placed,5.4,7.24,7.0,7.9,1,0
2024707,2025,ECE,Female,Web Dev,0,Not placed,0.0,5.5,5.3,6.7,0,0
2024708,2025,ECE,Female,Java,0,Not placed,0.0,6.74,6.0,7.1,0,0
2024709,2025,ECE,Male,Python,0,Not placed,0.0,8.31,6.5,5.9,0,0
2024710,2025,ECE,Female,Core DSA,1,Placed,10.8,7.85,6.6,6.6,2,0
2024711,2025,ECE,Male,Embedded,1,Placed,11.6,8.58,5.0,9.3,2,0
2024712,2025,ECE,Male,Python,0,Not placed,0.0,6.28,6.8,6.3,0,0
2024713,2025,ECE,Male,Embedded,0,Not placed,0.0,7.17,7.5,7.4,1,1
2024714,2025,ECE,Female,Web Dev,0,Not placed,0.0,7.1,7.5,7.7,0,0
2024715,2025,ECE,Male,SQL,0,Not placed,0.0,8.04,7.2,7.0,0,0
2024716,2025,ECE,Female,Web Dev,1,Placed,13.0,7.63,7.2,6.8,2,0
2024717,2025,ECE,Female,Web Dev,0,Not placed,0.0,8.09,7.5,8.4,0,1
2024718,2025,ECE,Female,Web Dev,1,Placed,15.6,7.56,6.9,6.9,3,0
2024719,2025,ECE,Male,AIML,1,Placed,7.4,7.02,9.0,5.9,1,0
2024720,2025,ECE,Male,AIML,0,Not placed,0.0,6.76,7.2,7.7,0,0
2024721,2026,ECE,Female,Embedded,0,Not placed,0.0,7.6,5.7,8.1,0,0
2024722,2026,ECE,Female,Core DSA,1,Placed,8.0,7.45,7.0,6.4,1,0
2024723,2026,ECE,Female,SQL,0,Not placed,0.0,7.71,5.9,6.5,0,2
2024724,2026,ECE,Male,SQL,0,Not placed,0.0,7.7,4.8,5.5,2,1
2024725,2026,ECE,Male,AIML,0,Not placed,0.0,7.08,6.2,7.3,0,1
2024726,2026,ECE,Female,Web Dev,0,Not placed,0.0,8.51,6.5,5.9,0,0
2024727,2026,ECE,Male,Web Dev,1,Placed,11.8,7.76,5.5,7.6,3,0
2024728,2026,ECE,Male,Embedded,0,Not placed,0.0,8.55,7.3,6.6,0,2
2024729,2026,ECE,Female,Embedded,1,Placed,12.9,7.7,6.5,7.1,3,0
2024730,2026,ECE,Male,Python,1,Placed,5.3,7.05,8.2,8.1,1,0
2024731,2026,ECE,Female,Embedded,0,Not placed,0.0,8.12,6.7,9.4,0,0
2024732,2026,ECE,Male,Web Dev,0,Not placed,0.0,7.02,4.0,6.4,1,0
2024733,2026,ECE,Male,Web Dev,1,Placed,9.7,7.77,8.8,8.0,1,0
2024734,2026,ECE,Female,SQL,0,Not placed,0.0,7.18,4.9,9.0,2,1
2024735,2026,ECE,Male,Core DSA,1,Placed,10.6,8.32,5.9,5.1,3,1
2024736,2026,ECE,Female,Embedded,0,Not placed,0.0,8.43,6.4,8.4,0,0
2024737,2026,ECE,Female,Python,1,Placed,11.5,7.55,6.6,6.5,1,0
2024738,2026,ECE,Male,Python,0,Not placed,0.0,7.95,6.6,7.6,0,0
2024739,2026,ECE,Male,Core DSA,1,Placed,5.2,6.55,8.0,7.4,1,0
2024740,2026,ECE,Female,Embedded,1,Placed,5.6,7.06,7.9,7.1,1,0
2024741,2026,ECE,Male,Embedded,1,Placed,6.1,7.39,7.7,7.7,1,0
2024742,2026,ECE,Male,Python,1,Placed,15.8,8.44,7.8,5.1,0,0
2024743,2026,ECE,Female,Web Dev,0,Not placed,0.0,7.37,7.4,8.7,0,0
2024744,2026,ECE,Male,Java,0,Not placed,0.0,7.6,4.5,6.9,1,2
2024745,2026,ECE,Female,Python,0,Not placed,0.0,6.21,6.4,5.6,0,0
2024746,2026,ECE,Male,AIML,0,Not placed,0.0,7.99,6.9,6.0,0,0
2024747,2026,ECE,Female,SQL,0,Not placed,0.0,7.51,7.6,5.9,0,0
2024748,2026,ECE,Female,SQL,0,Not placed,0.0,7.88,5.9,6.1,0,0
2024749,2026,ECE,Female,Core DSA,1,Placed,6.3,7.48,5.3,6.4,1,0
2024750,2026,ECE,Male,Python,0,Not placed,0.0,6.77,5.7,7.2,2,1
2024751,2026,ECE,Male,Java,0,Not placed,0.0,7.48,6.2,7.7,0,0
2024752,2026,ECE,Male,Web Dev,1,Placed,11.6,8.04,6.2,4.5,1,0
2024753,2026,ECE,Male,Web Dev,1,Placed,9.2,8.62,6.2,7.6,1,0
2024754,2026,ECE,Male,Core DSA,1,Placed,12.7,7.75,6.3,5.9,1,0
2024755,2026,ECE,Male,AIML,0,Not placed,0.0,7.06,4.8,6.3,0,1
2024756,2026,ECE,Male,Python,1,Placed,6.1,6.85,8.5,8.0,1,0
2024757,2024,MECH,Male,Core DSA,0,Not placed,0.0,7.4,5.5,8.7,0,0
2024758,2024,MECH,Female,Core DSA,0,Not placed,0.0,7.7,5.4,5.5,1,0
2024759,2024,MECH,Male,Java,0,Not placed,0.0,6.44,7.2,6.3,0,0
2024760,2024,MECH,Female,Python,0,Not placed,0.0,7.03,6.6,6.1,0,2
2024761,2024,MECH,Male,AIML,0,Not placed,0.0,7.19,5.4,6.4,0,0
2024762,2024,MECH,Female,Python,1,Placed,7.6,7.84,6.6,7.8,1,0
2024763,2024,MECH,Female,Embedded,0,Not placed,0.0,6.92,7.2,6.2,1,0
2024764,2024,MECH,Female,Python,0,Not placed,0.0,6.18,6.8,6.0,0,0
2024765,2024,MECH,Male,Core DSA,0,Not placed,0.0,7.31,5.0,6.3,0,0
2024766,2024,MECH,Female,Java,0,Not placed,0.0,7.38,7.7,6.4,0,0
2024767,2024,MECH,Female,SQL,0,Not placed,0.0,7.69,8.2,4.3,0,1
2024768,2024,MECH,Female,Embedded,1,Placed,5.8,6.83,6.9,6.3,2,0
2024769,2024,MECH,Male,AIML,0,Not placed,0.0,7.41,6.3,8.3,0,0
2024770,2024,MECH,Male,Core DSA,0,Not placed,0.0,7.52,5.9,6.5,0,0
2024771,2024,MECH,Female,AIML,0,Not placed,0.0,7.54,9.0,8.0,0,0
2024772,2024,MECH,Female,Embedded,0,Not placed,0.0,7.14,4.1,5.9,1,0
2024773,2024,MECH,Male,Python,0,Not placed,0.0,7.36,8.5,7.4,0,0
2024774,2024,MECH,Male,Python,0,Not placed,0.0,7.21,6.8,7.8,0,1
2024775,2024,MECH,Female,Python,0,Not placed,0.0,6.39,7.9,7.4,1,0
2024776,2024,MECH,Female,Python,0,Not placed,0.0,7.08,6.7,7.3,0,0
2024777,2024,MECH,Female,SQL,0,Not placed,0.0,7.89,5.5,7.1,1,1
2024778,2024,MECH,Male,Embedded,0,Not placed,0.0,7.04,7.7,6.4,0,1
2024779,2024,MECH,Male,SQL,0,Not placed,0.0,7.17,5.3,6.5,0,0
2024780,2024,MECH,Male,Core DSA,1,Placed,6.5,7.6,7.5,8.5,1,0
2024781,2024,MECH,Male,Core DSA,0,Not placed,0.0,6.85,5.0,5.0,1,1
2024782,2024,MECH,Male,Python,1,Placed,6.5,8.32,6.8,5.8,1,0
2024783,2024,MECH,Female,SQL,1,Placed,4.8,7.42,7.4,7.5,1,0
2024784,2024,MECH,Female,Python,0,Not placed,0.0,7.5,8.8,8.5,0,0
2024785,2024,MECH,Female,Core DSA,0,Not placed,0.0,6.71,6.3,7.1,1,0
2024786,2024,MECH,Male,SQL,1,Placed,6.7,8.06,6.3,6.5,2,0
2024787,2024,MECH,Male,SQL,0,Not placed,0.0,6.69,4.5,7.9,0,0
2024788,2024,MECH,Female,Embedded,0,Not placed,0.0,7.4,6.1,8.8,0,0
2024789,2024,MECH,Female,Java,1,Placed,4.4,7.19,6.2,4.0,2,0
2024790,2024,MECH,Female,AIML,0,Not placed,0.0,7.31,8.7,8.2,0,0
2024791,2024,MECH,Female,Python,0,Not placed,0.0,7.18,5.2,9.8,0,0
2024792,2024,MECH,Male,Java,0,Not placed,0.0,7.39,6.7,6.8,0,0
2024793,2025,MECH,Male,Core DSA,0,Not placed,0.0,7.33,5.8,6.2,1,0
2024794,2025,MECH,Male,AIML,0,Not placed,0.0,7.42,3.3,8.2,0,0
2024795,2025,MECH,Female,Core DSA,0,Not placed,0.0,7.13,6.1,5.5,1,0
2024796,2025,MECH,Male,Web Dev,0,Not placed,0.0,6.84,7.6,8.4,0,0
2024797,2025,MECH,Female,Web Dev,0,Not placed,0.0,7.82,5.1,6.4,1,0
2024798,2025,MECH,Male,Core DSA,0,Not placed,0.0,7.67,6.2,6.6,1,1
2024799,2025,MECH,Male,Embedded,0,Not placed,0.0,7.12,7.9,5.8,0,1
2024800,2025,MECH,Male,Core DSA,0,Not placed,0.0,7.75,6.9,5.6,0,1
2024801,2025,MECH,Male,AIML,1,Placed,5.2,7.01,7.8,6.2,1,0
2024802,2025,MECH,Male,SQL,0,Not placed,0.0,6.43,5.0,8.9,1,0
2024803,2025,MECH,Male,Web Dev,1,Placed,6.8,7.49,6.4,6.4,2,0
2024804,2025,MECH,Male,Web Dev,0,Not placed,0.0,7.61,6.6,7.2,0,0
2024805,2025,MECH,Male,Web Dev,0,Not placed,0.0,7.55,4.4,5.5,0,1
2024806,2025,MECH,Male,SQL,0,Not placed,0.0,7.83,6.5,7.4,0,0
2024807,2025,MECH,Female,Java,0,Not placed,0.0,7.48,5.3,7.4,1,1
2024808,2025,MECH,Male,AIML,0,Not placed,0.0,6.24,6.8,8.1,1,0
2024809,2025,MECH,Female,Python,0,Not placed,0.0,6.15,5.0,6.3,0,0
2024810,2025,MECH,Female,SQL,0,Not placed,0.0,7.37,6.7,6.2,0,0
2024811,2025,MECH,Male,AIML,0,Not placed,0.0,6.75,4.9,5.9,1,0
2024812,2025,MECH,Female,SQL,1,Placed,9.6,8.03,7.1,7.2,1,0
2024813,2025,MECH,Female,Embedded,0,Not placed,0.0,6.98,6.6,9.8,0,0
2024814,2025,MECH,Male,Core DSA,0,Not placed,0.0,7.29,6.5,8.9,1,0
2024815,2025,MECH,Female,Web Dev,0,Not placed,0.0,7.81,5.8,7.7,0,0
2024816,2025,MECH,Male,Core DSA,1,Placed,9.3,7.98,5.6,6.7,2,0
2024817,2025,MECH,Male,Web Dev,1,Placed,5.0,7.3,7.2,7.2,2,0
2024818,2025,MECH,Female,Python,0,Not placed,0.0,6.48,7.2,8.2,1,1
2024819,2025,MECH,Female,Core DSA,0,Not placed,0.0,7.3,4.5,7.5,0,0
2024820,2025,MECH,Male,Java,0,Not placed,0.0,7.48,5.2,8.2,2,2
2024821,2025,MECH,Female,Python,0,Not placed,0.0,7.32,7.3,7.0,0,1
2024822,2025,MECH,Female,Embedded,0,Not placed,0.0,7.37,6.6,6.5,0,0
2024823,2025,MECH,Female,Web Dev,0,Not placed,0.0,7.49,5.9,8.4,0,0
2024824,2025,MECH,Male,AIML,0,Not placed,0.0,6.77,8.2,7.2,0,0
2024825,2025,MECH,Female,AIML,1,Placed,11.6,7.52,7.6,7.1,2,0
2024826,2025,MECH,Male,Python,0,Not placed,0.0,8.04,5.9,8.6,1,0
2024827,2025,MECH,Female,Core DSA,0,Not placed,0.0,7.06,8.2,8.7,0,0
2024828,2025,MECH,Male,AIML,0,Not placed,0.0,7.01,4.9,6.0,0,0
2024829,2026,MECH,Male,Java,0,Not placed,0.0,7.33,6.8,8.7,0,1
2024830,2026,MECH,Female,Web Dev,1,Placed,5.4,6.7,7.7,6.8,2,0
2024831,2026,MECH,Male,AIML,0,Not placed,0.0,6.62,7.0,7.2,1,0
2024832,2026,MECH,Female,Python,0,Not placed,0.0,7.67,5.7,6.4,0,0
2024833,2026,MECH,Female,Web Dev,1,Placed,4.3,6.94,7.9,8.6,1,0
2024834,2026,MECH,Female,Java,0,Not placed,0.0,6.98,5.8,7.7,0,0
2024835,2026,MECH,Male,Core DSA,0,Not placed,0.0,8.36,8.7,6.3,2,1
2024836,2026,MECH,Female,Embedded,0,Not placed,0.0,7.1,6.8,7.4,1,0
2024837,2026,MECH,Female,Core DSA,0,Not placed,0.0,7.23,5.5,5.5,1,0
2024838,2026,MECH,Male,Java,1,Placed,6.2,6.87,5.9,7.2,2,0
2024839,2026,MECH,Male,AIML,1,Placed,7.1,8.99,5.9,6.5,1,0
2024840,2026,MECH,Female,Python,1,Placed,8.4,8.03,7.2,6.6,1,0
2024841,2026,MECH,Female,Web Dev,1,Placed,9.3,7.88,7.1,8.2,1,0
2024842,2026,MECH,Female,Web Dev,0,Not placed,0.0,8.11,6.3,7.2,0,0
2024843,2026,MECH,Male,Core DSA,0,Not placed,0.0,7.59,6.0,7.0,0,0
2024844,2026,MECH,Male,AIML,1,Placed,11.3,8.18,6.7,7.1,1,0
2024845,2026,MECH,Male,Web Dev,1,Placed,9.2,7.77,9.1,6.7,1,0
2024846,2026,MECH,Male,Embedded,0,Not placed,0.0,7.49,6.4,7.3,1,1
2024847,2026,MECH,Female,Web Dev,0,Not placed,0.0,7.06,6.7,8.2,0,0
2024848,2026,MECH,Male,SQL,0,Not placed,0.0,6.68,7.9,5.3,0,1
2024849,2026,MECH,Male,Core DSA,0,Not placed,0.0,6.99,7.0,8.7,1,0
2024850,2026,MECH,Female,Java,0,Not placed,0.0,7.31,4.8,4.6,0,0
2024851,2026,MECH,Male,Java,0,Not placed,0.0,6.69,7.4,7.3,1,0
2024852,2026,MECH,Male,AIML,0,Not placed,0.0,6.98,7.3,6.9,0,0
2024853,2026,MECH,Male,AIML,1,Placed,6.5,6.36,5.7,6.9,2,0
2024854,2026,MECH,Male,Java,1,Placed,12.0,7.51,5.0,8.6,2,0
2024855,2026,MECH,Female,Web Dev,1,Placed,7.2,7.57,7.0,7.6,1,0
2024856,2026,MECH,Male,Python,0,Not placed,0.0,7.64,6.7,7.8,1,0
2024857,2026,MECH,Male,Embedded,0,Not placed,0.0,6.91,8.7,7.0,0,0
2024858,2026,MECH,Male,SQL,0,Not placed,0.0,6.42,7.5,6.3,0,0
2024859,2026,MECH,Male,Python,0,Not placed,0.0,7.06,3.6,5.3,1,1
2024860,2026,MECH,Female,Embedded,0,Not placed,0.0,7.84,5.3,6.9,0,2
2024861,2026,MECH,Female,Embedded,0,Not placed,0.0,7.35,5.1,8.7,1,0
2024862,2026,MECH,Male,Java,0,Not placed,0.0,7.92,6.8,4.8,0,0
2024863,2026,MECH,Male,Embedded,1,Placed,5.0,6.7,6.2,9.0,2,0
2024864,2026,MECH,Male,SQL,0,Not placed,0.0,7.77,8.2,8.0,0,1
2024865,2024,CIVIL,Male,Embedded,0,Not placed,0.0,7.24,5.7,7.8,1,0
2024866,2024,CIVIL,Female,Python,0,Not placed,0.0,7.46,7.8,6.4,0,1
2024867,2024,CIVIL,Male,Embedded,0,Not placed,0.0,8.06,6.7,9.3,1,0
2024868,2024,CIVIL,Female,Java,1,Placed,5.4,6.75,5.7,6.5,2,0
2024869,2024,CIVIL,Female,Embedded,0,Not placed,0.0,7.54,5.8,7.0,1,0
2024870,2024,CIVIL,Male,Python,0,Not placed,0.0,8.59,6.5,7.1,0,0
2024871,2024,CIVIL,Male,AIML,0,Not placed,0.0,7.03,4.5,7.4,1,0
2024872,2024,CIVIL,Male,SQL,1,Placed,8.8,7.62,5.0,5.4,3,0
2024873,2024,CIVIL,Female,Java,0,Not placed,0.0,7.35,7.8,8.9,1,1
2024874,2024,CIVIL,Male,Embedded,0,Not placed,0.0,6.9,6.3,8.0,0,0
2024875,2024,CIVIL,Female,Java,0,Not placed,0.0,8.16,8.2,6.3,1,1
2024876,2024,CIVIL,Female,AIML,1,Placed,5.4,7.46,5.8,6.3,3,0
2024877,2024,CIVIL,Female,Core DSA,0,Not placed,0.0,7.18,7.9,7.6,0,0
2024878,2024,CIVIL,Male,Java,0,Not placed,0.0,6.96,7.9,5.1,0,0
2024879,2024,CIVIL,Male,Web Dev,1,Placed,7.2,6.36,7.9,6.5,3,0
2024880,2024,CIVIL,Female,Core DSA,0,Not placed,0.0,7.43,6.6,5.6,0,1
2024881,2024,CIVIL,Male,Web Dev,0,Not placed,0.0,6.19,6.0,8.7,0,0
2024882,2024,CIVIL,Female,Java,1,Placed,10.4,7.75,6.1,9.3,2,0
2024883,2024,CIVIL,Female,SQL,0,Not placed,0.0,7.87,6.8,6.7,0,0
2024884,2024,CIVIL,Male,SQL,0,Not placed,0.0,7.07,7.4,7.1,0,0
2024885,2024,CIVIL,Male,Java,0,Not placed,0.0,7.68,6.4,7.1,0,0
2024886,2024,CIVIL,Male,AIML,0,Not placed,0.0,5.9,7.6,7.4,1,0
2024887,2024,CIVIL,Female,Core DSA,0,Not placed,0.0,8.56,6.3,8.2,0,0
2024888,2024,CIVIL,Male,Java,1,Placed,6.1,6.52,5.8,9.1,2,0
2024889,2024,CIVIL,Female,Core DSA,0,Not placed,0.0,7.77,7.1,7.2,1,0
2024890,2024,CIVIL,Female,Web Dev,0,Not placed,0.0,7.44,6.7,8.2,0,1
2024891,2024,CIVIL,Female,AIML,0,Not placed,0.0,7.92,7.9,7.7,0,0
2024892,2024,CIVIL,Male,AIML,1,Placed,5.1,6.46,6.9,6.2,3,0
2024893,2024,CIVIL,Female,Web Dev,0,Not placed,0.0,7.16,6.9,7.4,1,0
2024894,2024,CIVIL,Female,AIML,0,Not placed,0.0,7.47,6.2,8.1,0,0
2024895,2024,CIVIL,Female,Java,1,Placed,11.0,7.59,7.3,6.7,2,0
2024896,2024,CIVIL,Female,AIML,0,Not placed,0.0,8.09,6.3,7.0,0,0
2024897,2024,CIVIL,Female,Web Dev,0,Not placed,0.0,8.24,5.5,5.9,0,0
2024898,2024,CIVIL,Male,Python,0,Not placed,0.0,5.8,8.5,8.1,1,0
2024899,2024,CIVIL,Female,AIML,0,Not placed,0.0,7.84,6.1,4.3,0,0
2024900,2024,CIVIL,Female,AIML,0,Not placed,0.0,8.69,4.8,5.2,1,0
2024901,2025,CIVIL,Male,Web Dev,1,Placed,11.8,8.1,7.2,7.7,3,0
2024902,2025,CIVIL,Female,SQL,0,Not placed,0.0,7.75,7.4,7.3,0,1
2024903,2025,CIVIL,Male,Java,0,Not placed,0.0,6.71,6.2,5.1,0,0
2024904,2025,CIVIL,Female,Python,0,Not placed,0.0,7.14,6.7,8.5,0,0
2024905,2025,CIVIL,Female,Embedded,0,Not placed,0.0,6.56,7.6,5.9,0,0
2024906,2025,CIVIL,Female,SQL,0,Not placed,0.0,7.05,6.6,5.5,1,0
2024907,2025,CIVIL,Female,SQL,1,Placed,6.9,6.16,7.0,7.0,2,0
2024908,2025,CIVIL,Male,Web Dev,1,Placed,6.5,7.56,6.7,6.5,3,0
2024909,2025,CIVIL,Female,Embedded,0,Not placed,0.0,7.23,6.5,6.2,1,0
2024910,2025,CIVIL,Male,AIML,0,Not placed,0.0,6.77,5.0,6.2,1,0
2024911,2025,CIVIL,Male,Java,0,Not placed,0.0,7.01,8.0,6.3,1,0
2024912,2025,CIVIL,Female,Core DSA,0,Not placed,0.0,7.38,5.1,7.3,1,1
2024913,2025,CIVIL,Male,AIML,0,Not placed,0.0,7.08,6.3,7.0,1,0
2024914,2025,CIVIL,Female,Python,0,Not placed,0.0,7.1,5.8,5.5,1,0
2024915,2025,CIVIL,Male,Python,0,Not placed,0.0,6.68,8.5,8.8,1,2
2024916,2025,CIVIL,Male,Core DSA,0,Not placed,0.0,6.84,7.2,8.8,0,0
2024917,2025,CIVIL,Male,SQL,0,Not placed,0.0,6.82,5.3,6.3,0,0
2024918,2025,CIVIL,Male,SQL,1,Placed,6.2,6.4,6.8,5.3,2,0
2024919,2025,CIVIL,Female,AIML,1,Placed,4.2,5.9,6.9,8.4,3,0
2024920,2025,CIVIL,Male,AIML,0,Not placed,0.0,6.41,8.5,7.5,1,0
2024921,2025,CIVIL,Female,SQL,0,Not placed,0.0,7.56,6.6,7.6,0,0
2024922,2025,CIVIL,Female,Python,0,Not placed,0.0,6.6,6.4,6.0,1,0
2024923,2025,CIVIL,Male,AIML,1,Placed,7.9,7.91,7.2,5.8,3,1
2024924,2025,CIVIL,Male,Embedded,0,Not placed,0.0,6.99,8.0,7.2,1,0
2024925,2025,CIVIL,Male,Embedded,0,Not placed,0.0,7.32,6.1,7.1,1,0
2024926,2025,CIVIL,Female,Python,0,Not placed,0.0,7.1,5.6,5.5,0,1
2024927,2025,CIVIL,Male,Embedded,0,Not placed,0.0,6.01,7.1,5.8,1,0
2024928,2025,CIVIL,Female,Core DSA,0,Not placed,0.0,5.8,6.5,7.9,3,1
2024929,2025,CIVIL,Male,Embedded,1,Placed,4.2,7.25,6.4,8.0,2,0
2024930,2025,CIVIL,Male,SQL,0,Not placed,0.0,7.01,5.7,8.1,0,0
2024931,2025,CIVIL,Male,Embedded,0,Not placed,0.0,7.55,5.4,7.0,1,1
2024932,2025,CIVIL,Female,AIML,0,Not placed,0.0,7.19,6.5,7.9,1,0
2024933,2025,CIVIL,Female,Embedded,0,Not placed,0.0,7.21,4.9,5.8,0,0
2024934,2025,CIVIL,Female,Web Dev,1,Placed,6.1,7.0,6.6,7.6,3,0
2024935,2025,CIVIL,Female,Embedded,0,Not placed,0.0,7.24,4.1,6.0,1,0
2024936,2025,CIVIL,Female,Python,0,Not placed,0.0,7.11,8.3,8.3,0,0
2024937,2026,CIVIL,Female,SQL,1,Placed,6.4,7.06,8.3,7.2,3,0
2024938,2026,CIVIL,Female,Embedded,0,Not placed,0.0,6.98,5.8,6.7,1,0
2024939,2026,CIVIL,Male,Embedded,0,Not placed,0.0,7.3,6.5,7.5,0,0
2024940,2026,CIVIL,Female,Embedded,0,Not placed,0.0,7.97,3.4,8.0,0,1
2024941,2026,CIVIL,Female,AIML,1,Placed,4.4,6.31,6.2,5.7,2,0
2024942,2026,CIVIL,Male,Java,0,Not placed,0.0,6.03,5.8,4.1,0,0
2024943,2026,CIVIL,Female,Core DSA,0,Not placed,0.0,6.84,7.0,5.4,0,0
2024944,2026,CIVIL,Female,Python,0,Not placed,0.0,7.32,6.5,7.6,0,0
2024945,2026,CIVIL,Female,Java,0,Not placed,0.0,7.98,6.3,7.0,0,0
2024946,2026,CIVIL,Female,Web Dev,0,Not placed,0.0,6.59,6.3,8.9,0,0
2024947,2026,CIVIL,Male,Python,0,Not placed,0.0,8.16,6.2,6.3,1,0
2024948,2026,CIVIL,Male,Python,0,Not placed,0.0,7.88,7.3,6.5,0,1
2024949,2026,CIVIL,Female,AIML,0,Not placed,0.0,8.6,5.8,7.8,1,0
2024950,2026,CIVIL,Male,AIML,0,Not placed,0.0,7.39,6.5,6.2,0,0
2024951,2026,CIVIL,Male,Core DSA,0,Not placed,0.0,8.51,6.7,6.6,0,0
2024952,2026,CIVIL,Female,SQL,0,Not placed,0.0,7.32,4.9,5.9,0,0
2024953,2026,CIVIL,Female,Web Dev,0,Not placed,0.0,6.52,7.1,8.3,0,0
2024954,2026,CIVIL,Female,SQL,0,Not placed,0.0,7.67,7.7,6.2,1,0
2024955,2026,CIVIL,Male,Python,0,Not placed,0.0,6.99,6.2,8.5,1,0
2024956,2026,CIVIL,Female,SQL,1,Placed,8.6,7.56,5.7,8.0,3,0
2024957,2026,CIVIL,Male,Embedded,0,Not placed,0.0,8.19,7.1,7.6,0,0
2024958,2026,CIVIL,Female,SQL,0,Not placed,0.0,7.9,5.2,4.8,0,0
2024959,2026,CIVIL,Male,Java,0,Not placed,0.0,7.06,6.2,7.3,0,0
2024960,2026,CIVIL,Female,Embedded,0,Not placed,0.0,7.73,6.3,7.3,1,0
2024961,2026,CIVIL,Female,Embedded,0,Not placed,0.0,7.52,7.4,7.7,0,0
2024962,2026,CIVIL,Female,Web Dev,1,Placed,9.0,7.96,7.0,6.3,2,0
2024963,2026,CIVIL,Male,SQL,0,Not placed,0.0,8.0,6.5,7.3,1,0
2024964,2026,CIVIL,Male,Java,0,Not placed,0.0,8.31,7.2,5.1,1,1
2024965,2026,CIVIL,Female,SQL,0,Not placed,0.0,8.04,7.3,6.8,0,0
2024966,2026,CIVIL,Male,SQL,1,Placed,5.3,6.4,6.2,6.1,2,0
2024967,2026,CIVIL,Female,AIML,0,Not placed,0.0,8.29,7.0,5.7,0,0
2024968,2026,CIVIL,Female,AIML,0,Not placed,0.0,7.49,6.3,7.0,1,0
2024969,2026,CIVIL,Male,Embedded,0,Not placed,0.0,6.69,7.3,6.9,0,0
2024970,2026,CIVIL,Female,Python,1,Placed,4.4,7.47,7.4,6.6,3,0
2024971,2026,CIVIL,Male,SQL,0,Not placed,0.0,8.32,6.0,7.2,0,0
2024972,2026,CIVIL,Male,Core DSA,0,Not placed,0.0,7.81,4.7,8.4,1,0
